date,days_to_next_event,days_since_last_event,is_event_window,event_impact_score,upcoming_event_type,recent_event_type
2019-01-01,31.0,365.0,0,0,budget,none
2019-01-02,30.0,365.0,0,0,budget,none
2019-01-03,29.0,365.0,0,0,budget,none
2019-01-04,28.0,365.0,0,0,budget,none
2019-01-05,27.0,365.0,0,0,budget,none
2019-01-06,26.0,365.0,0,0,budget,none
2019-01-07,25.0,365.0,0,0,budget,none
2019-01-08,24.0,365.0,0,0,budget,none
2019-01-09,23.0,365.0,0,0,budget,none
2019-01-10,22.0,365.0,0,0,budget,none
2019-01-11,21.0,365.0,0,0,budget,none
2019-01-12,20.0,365.0,0,0,budget,none
2019-01-13,19.0,365.0,0,0,budget,none
2019-01-14,18.0,365.0,0,0,budget,none
2019-01-15,17.0,365.0,0,0,budget,none
2019-01-16,16.0,365.0,0,0,budget,none
2019-01-17,15.0,365.0,0,0,budget,none
2019-01-18,14.0,365.0,0,0,budget,none
2019-01-19,13.0,365.0,0,0,budget,none
2019-01-20,12.0,365.0,0,0,budget,none
2019-01-21,11.0,365.0,0,0,budget,none
2019-01-22,10.0,365.0,0,0,budget,none
2019-01-23,9.0,365.0,0,0,budget,none
2019-01-24,8.0,365.0,0,0,budget,none
2019-01-25,7.0,365.0,1,3,budget,none
2019-01-26,6.0,365.0,1,3,budget,none
2019-01-27,5.0,365.0,1,3,budget,none
2019-01-28,4.0,365.0,1,3,budget,none
2019-01-29,3.0,365.0,1,3,budget,none
2019-01-30,2.0,365.0,1,3,budget,none
2019-01-31,1.0,365.0,1,3,budget,none
2019-02-01,6.0,0.0,1,3,monetary_policy,budget
2019-02-02,5.0,1.0,1,3,monetary_policy,budget
2019-02-03,4.0,2.0,1,3,monetary_policy,budget
2019-02-04,3.0,3.0,1,3,monetary_policy,budget
2019-02-05,2.0,4.0,1,3,monetary_policy,budget
2019-02-06,1.0,5.0,1,3,monetary_policy,budget
2019-02-07,41.0,0.0,1,3,election,monetary_policy
2019-02-08,40.0,1.0,1,3,election,monetary_policy
2019-02-09,39.0,2.0,1,2,election,monetary_policy
2019-02-10,38.0,3.0,1,2,election,monetary_policy
2019-02-11,37.0,4.0,1,2,election,monetary_policy
2019-02-12,36.0,5.0,1,2,election,monetary_policy
2019-02-13,35.0,6.0,1,2,election,monetary_policy
2019-02-14,34.0,7.0,1,2,election,monetary_policy
2019-02-15,33.0,8.0,0,0,election,monetary_policy
2019-02-16,32.0,9.0,0,0,election,monetary_policy
2019-02-17,31.0,10.0,0,0,election,monetary_policy
2019-02-18,30.0,11.0,0,0,election,monetary_policy
2019-02-19,29.0,12.0,0,0,election,monetary_policy
2019-02-20,28.0,13.0,0,0,election,monetary_policy
2019-02-21,27.0,14.0,0,0,election,monetary_policy
2019-02-22,26.0,15.0,0,0,election,monetary_policy
2019-02-23,25.0,16.0,0,0,election,monetary_policy
2019-02-24,24.0,17.0,0,0,election,monetary_policy
2019-02-25,23.0,18.0,0,0,election,monetary_policy
2019-02-26,22.0,19.0,0,0,election,monetary_policy
2019-02-27,21.0,20.0,0,0,election,monetary_policy
2019-02-28,20.0,21.0,0,0,election,monetary_policy
2019-03-01,19.0,22.0,0,0,election,monetary_policy
2019-03-02,18.0,23.0,0,0,election,monetary_policy
2019-03-03,17.0,24.0,0,0,election,monetary_policy
2019-03-04,16.0,25.0,0,0,election,monetary_policy
2019-03-05,15.0,26.0,0,0,election,monetary_policy
2019-03-06,14.0,27.0,0,0,election,monetary_policy
2019-03-07,13.0,28.0,0,0,election,monetary_policy
2019-03-08,12.0,29.0,0,0,election,monetary_policy
2019-03-09,11.0,30.0,0,0,election,monetary_policy
2019-03-10,10.0,31.0,0,0,election,monetary_policy
2019-03-11,9.0,32.0,0,0,election,monetary_policy
2019-03-12,8.0,33.0,0,0,election,monetary_policy
2019-03-13,7.0,34.0,1,3,election,monetary_policy
2019-03-14,6.0,35.0,1,3,election,monetary_policy
2019-03-15,5.0,36.0,1,3,election,monetary_policy
2019-03-16,4.0,37.0,1,3,election,monetary_policy
2019-03-17,3.0,38.0,1,3,election,monetary_policy
2019-03-18,2.0,39.0,1,3,election,monetary_policy
2019-03-19,1.0,40.0,1,3,election,monetary_policy
2019-03-20,15.0,0.0,1,3,monetary_policy,election
2019-03-21,14.0,1.0,1,3,monetary_policy,election
2019-03-22,13.0,2.0,1,3,monetary_policy,election
2019-03-23,12.0,3.0,1,3,monetary_policy,election
2019-03-24,11.0,4.0,1,3,monetary_policy,election
2019-03-25,10.0,5.0,1,3,monetary_policy,election
2019-03-26,9.0,6.0,1,3,monetary_policy,election
2019-03-27,8.0,7.0,1,3,monetary_policy,election
2019-03-28,7.0,8.0,1,2,monetary_policy,election
2019-03-29,6.0,9.0,1,2,monetary_policy,election
2019-03-30,5.0,10.0,1,2,monetary_policy,election
2019-03-31,4.0,11.0,1,2,monetary_policy,election
2019-04-01,3.0,12.0,1,2,monetary_policy,election
2019-04-02,2.0,13.0,1,2,monetary_policy,election
2019-04-03,1.0,14.0,1,2,monetary_policy,election
2019-04-04,57.0,0.0,1,2,economic_data,monetary_policy
2019-04-05,56.0,1.0,1,2,economic_data,monetary_policy
2019-04-06,55.0,2.0,1,2,economic_data,monetary_policy
2019-04-07,54.0,3.0,1,2,economic_data,monetary_policy
2019-04-08,53.0,4.0,1,2,economic_data,monetary_policy
2019-04-09,52.0,5.0,1,2,economic_data,monetary_policy
2019-04-10,51.0,6.0,1,2,economic_data,monetary_policy
2019-04-11,50.0,7.0,1,2,economic_data,monetary_policy
2019-04-12,49.0,8.0,0,0,economic_data,monetary_policy
2019-04-13,48.0,9.0,0,0,economic_data,monetary_policy
2019-04-14,47.0,10.0,0,0,economic_data,monetary_policy
2019-04-15,46.0,11.0,0,0,economic_data,monetary_policy
2019-04-16,45.0,12.0,0,0,economic_data,monetary_policy
2019-04-17,44.0,13.0,0,0,economic_data,monetary_policy
2019-04-18,43.0,14.0,0,0,economic_data,monetary_policy
2019-04-19,42.0,15.0,0,0,economic_data,monetary_policy
2019-04-20,41.0,16.0,0,0,economic_data,monetary_policy
2019-04-21,40.0,17.0,0,0,economic_data,monetary_policy
2019-04-22,39.0,18.0,0,0,economic_data,monetary_policy
2019-04-23,38.0,19.0,0,0,economic_data,monetary_policy
2019-04-24,37.0,20.0,0,0,economic_data,monetary_policy
2019-04-25,36.0,21.0,0,0,economic_data,monetary_policy
2019-04-26,35.0,22.0,0,0,economic_data,monetary_policy
2019-04-27,34.0,23.0,0,0,economic_data,monetary_policy
2019-04-28,33.0,24.0,0,0,economic_data,monetary_policy
2019-04-29,32.0,25.0,0,0,economic_data,monetary_policy
2019-04-30,31.0,26.0,0,0,economic_data,monetary_policy
2019-05-01,30.0,27.0,0,0,economic_data,monetary_policy
2019-05-02,29.0,28.0,0,0,economic_data,monetary_policy
2019-05-03,28.0,29.0,0,0,economic_data,monetary_policy
2019-05-04,27.0,30.0,0,0,economic_data,monetary_policy
2019-05-05,26.0,31.0,0,0,economic_data,monetary_policy
2019-05-06,25.0,32.0,0,0,economic_data,monetary_policy
2019-05-07,24.0,33.0,0,0,economic_data,monetary_policy
2019-05-08,23.0,34.0,0,0,economic_data,monetary_policy
2019-05-09,22.0,35.0,0,0,economic_data,monetary_policy
2019-05-10,21.0,36.0,0,0,economic_data,monetary_policy
2019-05-11,20.0,37.0,0,0,economic_data,monetary_policy
2019-05-12,19.0,38.0,0,0,economic_data,monetary_policy
2019-05-13,18.0,39.0,0,0,economic_data,monetary_policy
2019-05-14,17.0,40.0,0,0,economic_data,monetary_policy
2019-05-15,16.0,41.0,0,0,economic_data,monetary_policy
2019-05-16,15.0,42.0,0,0,economic_data,monetary_policy
2019-05-17,14.0,43.0,0,0,economic_data,monetary_policy
2019-05-18,13.0,44.0,0,0,economic_data,monetary_policy
2019-05-19,12.0,45.0,0,0,economic_data,monetary_policy
2019-05-20,11.0,46.0,0,0,economic_data,monetary_policy
2019-05-21,10.0,47.0,0,0,economic_data,monetary_policy
2019-05-22,9.0,48.0,0,0,economic_data,monetary_policy
2019-05-23,8.0,49.0,0,0,economic_data,monetary_policy
2019-05-24,7.0,50.0,1,2,economic_data,monetary_policy
2019-05-25,6.0,51.0,1,2,economic_data,monetary_policy
2019-05-26,5.0,52.0,1,2,economic_data,monetary_policy
2019-05-27,4.0,53.0,1,2,economic_data,monetary_policy
2019-05-28,3.0,54.0,1,2,economic_data,monetary_policy
2019-05-29,2.0,55.0,1,2,economic_data,monetary_policy
2019-05-30,1.0,56.0,1,2,economic_data,monetary_policy
2019-05-31,6.0,0.0,1,2,monetary_policy,economic_data
2019-06-01,5.0,1.0,1,2,monetary_policy,economic_data
2019-06-02,4.0,2.0,1,2,monetary_policy,economic_data
2019-06-03,3.0,3.0,1,2,monetary_policy,economic_data
2019-06-04,2.0,4.0,1,2,monetary_policy,economic_data
2019-06-05,1.0,5.0,1,2,monetary_policy,economic_data
2019-06-06,62.0,0.0,1,2,monetary_policy,monetary_policy
2019-06-07,61.0,1.0,1,2,monetary_policy,monetary_policy
2019-06-08,60.0,2.0,1,2,monetary_policy,monetary_policy
2019-06-09,59.0,3.0,1,2,monetary_policy,monetary_policy
2019-06-10,58.0,4.0,1,2,monetary_policy,monetary_policy
2019-06-11,57.0,5.0,1,2,monetary_policy,monetary_policy
2019-06-12,56.0,6.0,1,2,monetary_policy,monetary_policy
2019-06-13,55.0,7.0,1,2,monetary_policy,monetary_policy
2019-06-14,54.0,8.0,0,0,monetary_policy,monetary_policy
2019-06-15,53.0,9.0,0,0,monetary_policy,monetary_policy
2019-06-16,52.0,10.0,0,0,monetary_policy,monetary_policy
2019-06-17,51.0,11.0,0,0,monetary_policy,monetary_policy
2019-06-18,50.0,12.0,0,0,monetary_policy,monetary_policy
2019-06-19,49.0,13.0,0,0,monetary_policy,monetary_policy
2019-06-20,48.0,14.0,0,0,monetary_policy,monetary_policy
2019-06-21,47.0,15.0,0,0,monetary_policy,monetary_policy
2019-06-22,46.0,16.0,0,0,monetary_policy,monetary_policy
2019-06-23,45.0,17.0,0,0,monetary_policy,monetary_policy
2019-06-24,44.0,18.0,0,0,monetary_policy,monetary_policy
2019-06-25,43.0,19.0,0,0,monetary_policy,monetary_policy
2019-06-26,42.0,20.0,0,0,monetary_policy,monetary_policy
2019-06-27,41.0,21.0,0,0,monetary_policy,monetary_policy
2019-06-28,40.0,22.0,0,0,monetary_policy,monetary_policy
2019-06-29,39.0,23.0,0,0,monetary_policy,monetary_policy
2019-06-30,38.0,24.0,0,0,monetary_policy,monetary_policy
2019-07-01,37.0,25.0,0,0,monetary_policy,monetary_policy
2019-07-02,36.0,26.0,0,0,monetary_policy,monetary_policy
2019-07-03,35.0,27.0,0,0,monetary_policy,monetary_policy
2019-07-04,34.0,28.0,0,0,monetary_policy,monetary_policy
2019-07-05,33.0,29.0,0,0,monetary_policy,monetary_policy
2019-07-06,32.0,30.0,0,0,monetary_policy,monetary_policy
2019-07-07,31.0,31.0,0,0,monetary_policy,monetary_policy
2019-07-08,30.0,32.0,0,0,monetary_policy,monetary_policy
2019-07-09,29.0,33.0,0,0,monetary_policy,monetary_policy
2019-07-10,28.0,34.0,0,0,monetary_policy,monetary_policy
2019-07-11,27.0,35.0,0,0,monetary_policy,monetary_policy
2019-07-12,26.0,36.0,0,0,monetary_policy,monetary_policy
2019-07-13,25.0,37.0,0,0,monetary_policy,monetary_policy
2019-07-14,24.0,38.0,0,0,monetary_policy,monetary_policy
2019-07-15,23.0,39.0,0,0,monetary_policy,monetary_policy
2019-07-16,22.0,40.0,0,0,monetary_policy,monetary_policy
2019-07-17,21.0,41.0,0,0,monetary_policy,monetary_policy
2019-07-18,20.0,42.0,0,0,monetary_policy,monetary_policy
2019-07-19,19.0,43.0,0,0,monetary_policy,monetary_policy
2019-07-20,18.0,44.0,0,0,monetary_policy,monetary_policy
2019-07-21,17.0,45.0,0,0,monetary_policy,monetary_policy
2019-07-22,16.0,46.0,0,0,monetary_policy,monetary_policy
2019-07-23,15.0,47.0,0,0,monetary_policy,monetary_policy
2019-07-24,14.0,48.0,0,0,monetary_policy,monetary_policy
2019-07-25,13.0,49.0,0,0,monetary_policy,monetary_policy
2019-07-26,12.0,50.0,0,0,monetary_policy,monetary_policy
2019-07-27,11.0,51.0,0,0,monetary_policy,monetary_policy
2019-07-28,10.0,52.0,0,0,monetary_policy,monetary_policy
2019-07-29,9.0,53.0,0,0,monetary_policy,monetary_policy
2019-07-30,8.0,54.0,0,0,monetary_policy,monetary_policy
2019-07-31,7.0,55.0,1,2,monetary_policy,monetary_policy
2019-08-01,6.0,56.0,1,2,monetary_policy,monetary_policy
2019-08-02,5.0,57.0,1,2,monetary_policy,monetary_policy
2019-08-03,4.0,58.0,1,2,monetary_policy,monetary_policy
2019-08-04,3.0,59.0,1,2,monetary_policy,monetary_policy
2019-08-05,2.0,60.0,1,2,monetary_policy,monetary_policy
2019-08-06,1.0,61.0,1,2,monetary_policy,monetary_policy
2019-08-07,23.0,0.0,1,2,economic_data,monetary_policy
2019-08-08,22.0,1.0,1,2,economic_data,monetary_policy
2019-08-09,21.0,2.0,1,2,economic_data,monetary_policy
2019-08-10,20.0,3.0,1,2,economic_data,monetary_policy
2019-08-11,19.0,4.0,1,2,economic_data,monetary_policy
2019-08-12,18.0,5.0,1,2,economic_data,monetary_policy
2019-08-13,17.0,6.0,1,2,economic_data,monetary_policy
2019-08-14,16.0,7.0,1,2,economic_data,monetary_policy
2019-08-15,15.0,8.0,0,0,economic_data,monetary_policy
2019-08-16,14.0,9.0,0,0,economic_data,monetary_policy
2019-08-17,13.0,10.0,0,0,economic_data,monetary_policy
2019-08-18,12.0,11.0,0,0,economic_data,monetary_policy
2019-08-19,11.0,12.0,0,0,economic_data,monetary_policy
2019-08-20,10.0,13.0,0,0,economic_data,monetary_policy
2019-08-21,9.0,14.0,0,0,economic_data,monetary_policy
2019-08-22,8.0,15.0,0,0,economic_data,monetary_policy
2019-08-23,7.0,16.0,1,2,economic_data,monetary_policy
2019-08-24,6.0,17.0,1,2,economic_data,monetary_policy
2019-08-25,5.0,18.0,1,2,economic_data,monetary_policy
2019-08-26,4.0,19.0,1,2,economic_data,monetary_policy
2019-08-27,3.0,20.0,1,2,economic_data,monetary_policy
2019-08-28,2.0,21.0,1,2,economic_data,monetary_policy
2019-08-29,1.0,22.0,1,2,economic_data,monetary_policy
2019-08-30,35.0,0.0,1,2,monetary_policy,economic_data
2019-08-31,34.0,1.0,1,2,monetary_policy,economic_data
2019-09-01,33.0,2.0,1,2,monetary_policy,economic_data
2019-09-02,32.0,3.0,1,2,monetary_policy,economic_data
2019-09-03,31.0,4.0,1,2,monetary_policy,economic_data
2019-09-04,30.0,5.0,1,2,monetary_policy,economic_data
2019-09-05,29.0,6.0,1,2,monetary_policy,economic_data
2019-09-06,28.0,7.0,1,2,monetary_policy,economic_data
2019-09-07,27.0,8.0,0,0,monetary_policy,economic_data
2019-09-08,26.0,9.0,0,0,monetary_policy,economic_data
2019-09-09,25.0,10.0,0,0,monetary_policy,economic_data
2019-09-10,24.0,11.0,0,0,monetary_policy,economic_data
2019-09-11,23.0,12.0,0,0,monetary_policy,economic_data
2019-09-12,22.0,13.0,0,0,monetary_policy,economic_data
2019-09-13,21.0,14.0,0,0,monetary_policy,economic_data
2019-09-14,20.0,15.0,0,0,monetary_policy,economic_data
2019-09-15,19.0,16.0,0,0,monetary_policy,economic_data
2019-09-16,18.0,17.0,0,0,monetary_policy,economic_data
2019-09-17,17.0,18.0,0,0,monetary_policy,economic_data
2019-09-18,16.0,19.0,0,0,monetary_policy,economic_data
2019-09-19,15.0,20.0,0,0,monetary_policy,economic_data
2019-09-20,14.0,21.0,0,0,monetary_policy,economic_data
2019-09-21,13.0,22.0,0,0,monetary_policy,economic_data
2019-09-22,12.0,23.0,0,0,monetary_policy,economic_data
2019-09-23,11.0,24.0,0,0,monetary_policy,economic_data
2019-09-24,10.0,25.0,0,0,monetary_policy,economic_data
2019-09-25,9.0,26.0,0,0,monetary_policy,economic_data
2019-09-26,8.0,27.0,0,0,monetary_policy,economic_data
2019-09-27,7.0,28.0,1,2,monetary_policy,economic_data
2019-09-28,6.0,29.0,1,2,monetary_policy,economic_data
2019-09-29,5.0,30.0,1,2,monetary_policy,economic_data
2019-09-30,4.0,31.0,1,2,monetary_policy,economic_data
2019-10-01,3.0,32.0,1,2,monetary_policy,economic_data
2019-10-02,2.0,33.0,1,2,monetary_policy,economic_data
2019-10-03,1.0,34.0,1,2,monetary_policy,economic_data
2019-10-04,56.0,0.0,1,2,economic_data,monetary_policy
2019-10-05,55.0,1.0,1,2,economic_data,monetary_policy
2019-10-06,54.0,2.0,1,2,economic_data,monetary_policy
2019-10-07,53.0,3.0,1,2,economic_data,monetary_policy
2019-10-08,52.0,4.0,1,2,economic_data,monetary_policy
2019-10-09,51.0,5.0,1,2,economic_data,monetary_policy
2019-10-10,50.0,6.0,1,2,economic_data,monetary_policy
2019-10-11,49.0,7.0,1,2,economic_data,monetary_policy
2019-10-12,48.0,8.0,0,0,economic_data,monetary_policy
2019-10-13,47.0,9.0,0,0,economic_data,monetary_policy
2019-10-14,46.0,10.0,0,0,economic_data,monetary_policy
2019-10-15,45.0,11.0,0,0,economic_data,monetary_policy
2019-10-16,44.0,12.0,0,0,economic_data,monetary_policy
2019-10-17,43.0,13.0,0,0,economic_data,monetary_policy
2019-10-18,42.0,14.0,0,0,economic_data,monetary_policy
2019-10-19,41.0,15.0,0,0,economic_data,monetary_policy
2019-10-20,40.0,16.0,0,0,economic_data,monetary_policy
2019-10-21,39.0,17.0,0,0,economic_data,monetary_policy
2019-10-22,38.0,18.0,0,0,economic_data,monetary_policy
2019-10-23,37.0,19.0,0,0,economic_data,monetary_policy
2019-10-24,36.0,20.0,0,0,economic_data,monetary_policy
2019-10-25,35.0,21.0,0,0,economic_data,monetary_policy
2019-10-26,34.0,22.0,0,0,economic_data,monetary_policy
2019-10-27,33.0,23.0,0,0,economic_data,monetary_policy
2019-10-28,32.0,24.0,0,0,economic_data,monetary_policy
2019-10-29,31.0,25.0,0,0,economic_data,monetary_policy
2019-10-30,30.0,26.0,0,0,economic_data,monetary_policy
2019-10-31,29.0,27.0,0,0,economic_data,monetary_policy
2019-11-01,28.0,28.0,0,0,economic_data,monetary_policy
2019-11-02,27.0,29.0,0,0,economic_data,monetary_policy
2019-11-03,26.0,30.0,0,0,economic_data,monetary_policy
2019-11-04,25.0,31.0,0,0,economic_data,monetary_policy
2019-11-05,24.0,32.0,0,0,economic_data,monetary_policy
2019-11-06,23.0,33.0,0,0,economic_data,monetary_policy
2019-11-07,22.0,34.0,0,0,economic_data,monetary_policy
2019-11-08,21.0,35.0,0,0,economic_data,monetary_policy
2019-11-09,20.0,36.0,0,0,economic_data,monetary_policy
2019-11-10,19.0,37.0,0,0,economic_data,monetary_policy
2019-11-11,18.0,38.0,0,0,economic_data,monetary_policy
2019-11-12,17.0,39.0,0,0,economic_data,monetary_policy
2019-11-13,16.0,40.0,0,0,economic_data,monetary_policy
2019-11-14,15.0,41.0,0,0,economic_data,monetary_policy
2019-11-15,14.0,42.0,0,0,economic_data,monetary_policy
2019-11-16,13.0,43.0,0,0,economic_data,monetary_policy
2019-11-17,12.0,44.0,0,0,economic_data,monetary_policy
2019-11-18,11.0,45.0,0,0,economic_data,monetary_policy
2019-11-19,10.0,46.0,0,0,economic_data,monetary_policy
2019-11-20,9.0,47.0,0,0,economic_data,monetary_policy
2019-11-21,8.0,48.0,0,0,economic_data,monetary_policy
2019-11-22,7.0,49.0,1,2,economic_data,monetary_policy
2019-11-23,6.0,50.0,1,2,economic_data,monetary_policy
2019-11-24,5.0,51.0,1,2,economic_data,monetary_policy
2019-11-25,4.0,52.0,1,2,economic_data,monetary_policy
2019-11-26,3.0,53.0,1,2,economic_data,monetary_policy
2019-11-27,2.0,54.0,1,2,economic_data,monetary_policy
2019-11-28,1.0,55.0,1,2,economic_data,monetary_policy
2019-11-29,6.0,0.0,1,2,monetary_policy,economic_data
2019-11-30,5.0,1.0,1,2,monetary_policy,economic_data
2019-12-01,4.0,2.0,1,2,monetary_policy,economic_data
2019-12-02,3.0,3.0,1,2,monetary_policy,economic_data
2019-12-03,2.0,4.0,1,2,monetary_policy,economic_data
2019-12-04,1.0,5.0,1,2,monetary_policy,economic_data
2019-12-05,58.0,0.0,1,2,budget,monetary_policy
2019-12-06,57.0,1.0,1,2,budget,monetary_policy
2019-12-07,56.0,2.0,1,2,budget,monetary_policy
2019-12-08,55.0,3.0,1,2,budget,monetary_policy
2019-12-09,54.0,4.0,1,2,budget,monetary_policy
2019-12-10,53.0,5.0,1,2,budget,monetary_policy
2019-12-11,52.0,6.0,1,2,budget,monetary_policy
2019-12-12,51.0,7.0,1,2,budget,monetary_policy
2019-12-13,50.0,8.0,0,0,budget,monetary_policy
2019-12-14,49.0,9.0,0,0,budget,monetary_policy
2019-12-15,48.0,10.0,0,0,budget,monetary_policy
2019-12-16,47.0,11.0,0,0,budget,monetary_policy
2019-12-17,46.0,12.0,0,0,budget,monetary_policy
2019-12-18,45.0,13.0,0,0,budget,monetary_policy
2019-12-19,44.0,14.0,0,0,budget,monetary_policy
2019-12-20,43.0,15.0,0,0,budget,monetary_policy
2019-12-21,42.0,16.0,0,0,budget,monetary_policy
2019-12-22,41.0,17.0,0,0,budget,monetary_policy
2019-12-23,40.0,18.0,0,0,budget,monetary_policy
2019-12-24,39.0,19.0,0,0,budget,monetary_policy
2019-12-25,38.0,20.0,0,0,budget,monetary_policy
2019-12-26,37.0,21.0,0,0,budget,monetary_policy
2019-12-27,36.0,22.0,0,0,budget,monetary_policy
2019-12-28,35.0,23.0,0,0,budget,monetary_policy
2019-12-29,34.0,24.0,0,0,budget,monetary_policy
2019-12-30,33.0,25.0,0,0,budget,monetary_policy
2019-12-31,32.0,26.0,0,0,budget,monetary_policy
2020-01-01,31.0,27.0,0,0,budget,monetary_policy
2020-01-02,30.0,28.0,0,0,budget,monetary_policy
2020-01-03,29.0,29.0,0,0,budget,monetary_policy
2020-01-04,28.0,30.0,0,0,budget,monetary_policy
2020-01-05,27.0,31.0,0,0,budget,monetary_policy
2020-01-06,26.0,32.0,0,0,budget,monetary_policy
2020-01-07,25.0,33.0,0,0,budget,monetary_policy
2020-01-08,24.0,34.0,0,0,budget,monetary_policy
2020-01-09,23.0,35.0,0,0,budget,monetary_policy
2020-01-10,22.0,36.0,0,0,budget,monetary_policy
2020-01-11,21.0,37.0,0,0,budget,monetary_policy
2020-01-12,20.0,38.0,0,0,budget,monetary_policy
2020-01-13,19.0,39.0,0,0,budget,monetary_policy
2020-01-14,18.0,40.0,0,0,budget,monetary_policy
2020-01-15,17.0,41.0,0,0,budget,monetary_policy
2020-01-16,16.0,42.0,0,0,budget,monetary_policy
2020-01-17,15.0,43.0,0,0,budget,monetary_policy
2020-01-18,14.0,44.0,0,0,budget,monetary_policy
2020-01-19,13.0,45.0,0,0,budget,monetary_policy
2020-01-20,12.0,46.0,0,0,budget,monetary_policy
2020-01-21,11.0,47.0,0,0,budget,monetary_policy
2020-01-22,10.0,48.0,0,0,budget,monetary_policy
2020-01-23,9.0,49.0,0,0,budget,monetary_policy
2020-01-24,8.0,50.0,0,0,budget,monetary_policy
2020-01-25,7.0,51.0,1,3,budget,monetary_policy
2020-01-26,6.0,52.0,1,3,budget,monetary_policy
2020-01-27,5.0,53.0,1,3,budget,monetary_policy
2020-01-28,4.0,54.0,1,3,budget,monetary_policy
2020-01-29,3.0,55.0,1,3,budget,monetary_policy
2020-01-30,2.0,56.0,1,3,budget,monetary_policy
2020-01-31,1.0,57.0,1,3,budget,monetary_policy
2020-02-01,5.0,0.0,1,3,monetary_policy,budget
2020-02-02,4.0,1.0,1,3,monetary_policy,budget
2020-02-03,3.0,2.0,1,3,monetary_policy,budget
2020-02-04,2.0,3.0,1,3,monetary_policy,budget
2020-02-05,1.0,4.0,1,3,monetary_policy,budget
2020-02-06,22.0,0.0,1,3,economic_data,monetary_policy
2020-02-07,21.0,1.0,1,3,economic_data,monetary_policy
2020-02-08,20.0,2.0,1,3,economic_data,monetary_policy
2020-02-09,19.0,3.0,1,2,economic_data,monetary_policy
2020-02-10,18.0,4.0,1,2,economic_data,monetary_policy
2020-02-11,17.0,5.0,1,2,economic_data,monetary_policy
2020-02-12,16.0,6.0,1,2,economic_data,monetary_policy
2020-02-13,15.0,7.0,1,2,economic_data,monetary_policy
2020-02-14,14.0,8.0,0,0,economic_data,monetary_policy
2020-02-15,13.0,9.0,0,0,economic_data,monetary_policy
2020-02-16,12.0,10.0,0,0,economic_data,monetary_policy
2020-02-17,11.0,11.0,0,0,economic_data,monetary_policy
2020-02-18,10.0,12.0,0,0,economic_data,monetary_policy
2020-02-19,9.0,13.0,0,0,economic_data,monetary_policy
2020-02-20,8.0,14.0,0,0,economic_data,monetary_policy
2020-02-21,7.0,15.0,1,2,economic_data,monetary_policy
2020-02-22,6.0,16.0,1,2,economic_data,monetary_policy
2020-02-23,5.0,17.0,1,2,economic_data,monetary_policy
2020-02-24,4.0,18.0,1,2,economic_data,monetary_policy
2020-02-25,3.0,19.0,1,2,economic_data,monetary_policy
2020-02-26,2.0,20.0,1,2,economic_data,monetary_policy
2020-02-27,1.0,21.0,1,2,economic_data,monetary_policy
2020-02-28,25.0,0.0,1,2,policy,economic_data
2020-02-29,24.0,1.0,1,2,policy,economic_data
2020-03-01,23.0,2.0,1,2,policy,economic_data
2020-03-02,22.0,3.0,1,2,policy,economic_data
2020-03-03,21.0,4.0,1,2,policy,economic_data
2020-03-04,20.0,5.0,1,2,policy,economic_data
2020-03-05,19.0,6.0,1,2,policy,economic_data
2020-03-06,18.0,7.0,1,2,policy,economic_data
2020-03-07,17.0,8.0,0,0,policy,economic_data
2020-03-08,16.0,9.0,0,0,policy,economic_data
2020-03-09,15.0,10.0,0,0,policy,economic_data
2020-03-10,14.0,11.0,0,0,policy,economic_data
2020-03-11,13.0,12.0,0,0,policy,economic_data
2020-03-12,12.0,13.0,0,0,policy,economic_data
2020-03-13,11.0,14.0,0,0,policy,economic_data
2020-03-14,10.0,15.0,0,0,policy,economic_data
2020-03-15,9.0,16.0,0,0,policy,economic_data
2020-03-16,8.0,17.0,0,0,policy,economic_data
2020-03-17,7.0,18.0,1,3,policy,economic_data
2020-03-18,6.0,19.0,1,3,policy,economic_data
2020-03-19,5.0,20.0,1,3,policy,economic_data
2020-03-20,4.0,21.0,1,3,policy,economic_data
2020-03-21,3.0,22.0,1,3,policy,economic_data
2020-03-22,2.0,23.0,1,3,policy,economic_data
2020-03-23,1.0,24.0,1,3,policy,economic_data
2020-03-24,3.0,0.0,1,3,monetary_policy,policy
2020-03-25,2.0,1.0,1,3,monetary_policy,policy
2020-03-26,1.0,2.0,1,3,monetary_policy,policy
2020-03-27,21.0,0.0,1,3,monetary_policy,monetary_policy
2020-03-28,20.0,1.0,1,3,monetary_policy,monetary_policy
2020-03-29,19.0,2.0,1,3,monetary_policy,monetary_policy
2020-03-30,18.0,3.0,1,3,monetary_policy,monetary_policy
2020-03-31,17.0,4.0,1,3,monetary_policy,monetary_policy
2020-04-01,16.0,5.0,1,3,monetary_policy,monetary_policy
2020-04-02,15.0,6.0,1,3,monetary_policy,monetary_policy
2020-04-03,14.0,7.0,1,3,monetary_policy,monetary_policy
2020-04-04,13.0,8.0,0,0,monetary_policy,monetary_policy
2020-04-05,12.0,9.0,0,0,monetary_policy,monetary_policy
2020-04-06,11.0,10.0,0,0,monetary_policy,monetary_policy
2020-04-07,10.0,11.0,0,0,monetary_policy,monetary_policy
2020-04-08,9.0,12.0,0,0,monetary_policy,monetary_policy
2020-04-09,8.0,13.0,0,0,monetary_policy,monetary_policy
2020-04-10,7.0,14.0,1,2,monetary_policy,monetary_policy
2020-04-11,6.0,15.0,1,2,monetary_policy,monetary_policy
2020-04-12,5.0,16.0,1,2,monetary_policy,monetary_policy
2020-04-13,4.0,17.0,1,2,monetary_policy,monetary_policy
2020-04-14,3.0,18.0,1,2,monetary_policy,monetary_policy
2020-04-15,2.0,19.0,1,2,monetary_policy,monetary_policy
2020-04-16,1.0,20.0,1,2,monetary_policy,monetary_policy
2020-04-17,35.0,0.0,1,2,monetary_policy,monetary_policy
2020-04-18,34.0,1.0,1,2,monetary_policy,monetary_policy
2020-04-19,33.0,2.0,1,2,monetary_policy,monetary_policy
2020-04-20,32.0,3.0,1,2,monetary_policy,monetary_policy
2020-04-21,31.0,4.0,1,2,monetary_policy,monetary_policy
2020-04-22,30.0,5.0,1,2,monetary_policy,monetary_policy
2020-04-23,29.0,6.0,1,2,monetary_policy,monetary_policy
2020-04-24,28.0,7.0,1,2,monetary_policy,monetary_policy
2020-04-25,27.0,8.0,0,0,monetary_policy,monetary_policy
2020-04-26,26.0,9.0,0,0,monetary_policy,monetary_policy
2020-04-27,25.0,10.0,0,0,monetary_policy,monetary_policy
2020-04-28,24.0,11.0,0,0,monetary_policy,monetary_policy
2020-04-29,23.0,12.0,0,0,monetary_policy,monetary_policy
2020-04-30,22.0,13.0,0,0,monetary_policy,monetary_policy
2020-05-01,21.0,14.0,0,0,monetary_policy,monetary_policy
2020-05-02,20.0,15.0,0,0,monetary_policy,monetary_policy
2020-05-03,19.0,16.0,0,0,monetary_policy,monetary_policy
2020-05-04,18.0,17.0,0,0,monetary_policy,monetary_policy
2020-05-05,17.0,18.0,0,0,monetary_policy,monetary_policy
2020-05-06,16.0,19.0,0,0,monetary_policy,monetary_policy
2020-05-07,15.0,20.0,0,0,monetary_policy,monetary_policy
2020-05-08,14.0,21.0,0,0,monetary_policy,monetary_policy
2020-05-09,13.0,22.0,0,0,monetary_policy,monetary_policy
2020-05-10,12.0,23.0,0,0,monetary_policy,monetary_policy
2020-05-11,11.0,24.0,0,0,monetary_policy,monetary_policy
2020-05-12,10.0,25.0,0,0,monetary_policy,monetary_policy
2020-05-13,9.0,26.0,0,0,monetary_policy,monetary_policy
2020-05-14,8.0,27.0,0,0,monetary_policy,monetary_policy
2020-05-15,7.0,28.0,1,2,monetary_policy,monetary_policy
2020-05-16,6.0,29.0,1,2,monetary_policy,monetary_policy
2020-05-17,5.0,30.0,1,2,monetary_policy,monetary_policy
2020-05-18,4.0,31.0,1,2,monetary_policy,monetary_policy
2020-05-19,3.0,32.0,1,2,monetary_policy,monetary_policy
2020-05-20,2.0,33.0,1,2,monetary_policy,monetary_policy
2020-05-21,1.0,34.0,1,2,monetary_policy,monetary_policy
2020-05-22,76.0,0.0,1,2,monetary_policy,monetary_policy
2020-05-23,75.0,1.0,1,2,monetary_policy,monetary_policy
2020-05-24,74.0,2.0,1,2,monetary_policy,monetary_policy
2020-05-25,73.0,3.0,1,2,monetary_policy,monetary_policy
2020-05-26,72.0,4.0,1,2,monetary_policy,monetary_policy
2020-05-27,71.0,5.0,1,2,monetary_policy,monetary_policy
2020-05-28,70.0,6.0,1,2,monetary_policy,monetary_policy
2020-05-29,69.0,7.0,1,2,monetary_policy,monetary_policy
2020-05-30,68.0,8.0,0,0,monetary_policy,monetary_policy
2020-05-31,67.0,9.0,0,0,monetary_policy,monetary_policy
2020-06-01,66.0,10.0,0,0,monetary_policy,monetary_policy
2020-06-02,65.0,11.0,0,0,monetary_policy,monetary_policy
2020-06-03,64.0,12.0,0,0,monetary_policy,monetary_policy
2020-06-04,63.0,13.0,0,0,monetary_policy,monetary_policy
2020-06-05,62.0,14.0,0,0,monetary_policy,monetary_policy
2020-06-06,61.0,15.0,0,0,monetary_policy,monetary_policy
2020-06-07,60.0,16.0,0,0,monetary_policy,monetary_policy
2020-06-08,59.0,17.0,0,0,monetary_policy,monetary_policy
2020-06-09,58.0,18.0,0,0,monetary_policy,monetary_policy
2020-06-10,57.0,19.0,0,0,monetary_policy,monetary_policy
2020-06-11,56.0,20.0,0,0,monetary_policy,monetary_policy
2020-06-12,55.0,21.0,0,0,monetary_policy,monetary_policy
2020-06-13,54.0,22.0,0,0,monetary_policy,monetary_policy
2020-06-14,53.0,23.0,0,0,monetary_policy,monetary_policy
2020-06-15,52.0,24.0,0,0,monetary_policy,monetary_policy
2020-06-16,51.0,25.0,0,0,monetary_policy,monetary_policy
2020-06-17,50.0,26.0,0,0,monetary_policy,monetary_policy
2020-06-18,49.0,27.0,0,0,monetary_policy,monetary_policy
2020-06-19,48.0,28.0,0,0,monetary_policy,monetary_policy
2020-06-20,47.0,29.0,0,0,monetary_policy,monetary_policy
2020-06-21,46.0,30.0,0,0,monetary_policy,monetary_policy
2020-06-22,45.0,31.0,0,0,monetary_policy,monetary_policy
2020-06-23,44.0,32.0,0,0,monetary_policy,monetary_policy
2020-06-24,43.0,33.0,0,0,monetary_policy,monetary_policy
2020-06-25,42.0,34.0,0,0,monetary_policy,monetary_policy
2020-06-26,41.0,35.0,0,0,monetary_policy,monetary_policy
2020-06-27,40.0,36.0,0,0,monetary_policy,monetary_policy
2020-06-28,39.0,37.0,0,0,monetary_policy,monetary_policy
2020-06-29,38.0,38.0,0,0,monetary_policy,monetary_policy
2020-06-30,37.0,39.0,0,0,monetary_policy,monetary_policy
2020-07-01,36.0,40.0,0,0,monetary_policy,monetary_policy
2020-07-02,35.0,41.0,0,0,monetary_policy,monetary_policy
2020-07-03,34.0,42.0,0,0,monetary_policy,monetary_policy
2020-07-04,33.0,43.0,0,0,monetary_policy,monetary_policy
2020-07-05,32.0,44.0,0,0,monetary_policy,monetary_policy
2020-07-06,31.0,45.0,0,0,monetary_policy,monetary_policy
2020-07-07,30.0,46.0,0,0,monetary_policy,monetary_policy
2020-07-08,29.0,47.0,0,0,monetary_policy,monetary_policy
2020-07-09,28.0,48.0,0,0,monetary_policy,monetary_policy
2020-07-10,27.0,49.0,0,0,monetary_policy,monetary_policy
2020-07-11,26.0,50.0,0,0,monetary_policy,monetary_policy
2020-07-12,25.0,51.0,0,0,monetary_policy,monetary_policy
2020-07-13,24.0,52.0,0,0,monetary_policy,monetary_policy
2020-07-14,23.0,53.0,0,0,monetary_policy,monetary_policy
2020-07-15,22.0,54.0,0,0,monetary_policy,monetary_policy
2020-07-16,21.0,55.0,0,0,monetary_policy,monetary_policy
2020-07-17,20.0,56.0,0,0,monetary_policy,monetary_policy
2020-07-18,19.0,57.0,0,0,monetary_policy,monetary_policy
2020-07-19,18.0,58.0,0,0,monetary_policy,monetary_policy
2020-07-20,17.0,59.0,0,0,monetary_policy,monetary_policy
2020-07-21,16.0,60.0,0,0,monetary_policy,monetary_policy
2020-07-22,15.0,61.0,0,0,monetary_policy,monetary_policy
2020-07-23,14.0,62.0,0,0,monetary_policy,monetary_policy
2020-07-24,13.0,63.0,0,0,monetary_policy,monetary_policy
2020-07-25,12.0,64.0,0,0,monetary_policy,monetary_policy
2020-07-26,11.0,65.0,0,0,monetary_policy,monetary_policy
2020-07-27,10.0,66.0,0,0,monetary_policy,monetary_policy
2020-07-28,9.0,67.0,0,0,monetary_policy,monetary_policy
2020-07-29,8.0,68.0,0,0,monetary_policy,monetary_policy
2020-07-30,7.0,69.0,1,2,monetary_policy,monetary_policy
2020-07-31,6.0,70.0,1,2,monetary_policy,monetary_policy
2020-08-01,5.0,71.0,1,2,monetary_policy,monetary_policy
2020-08-02,4.0,72.0,1,2,monetary_policy,monetary_policy
2020-08-03,3.0,73.0,1,2,monetary_policy,monetary_policy
2020-08-04,2.0,74.0,1,2,monetary_policy,monetary_policy
2020-08-05,1.0,75.0,1,2,monetary_policy,monetary_policy
2020-08-06,64.0,0.0,1,2,monetary_policy,monetary_policy
2020-08-07,63.0,1.0,1,2,monetary_policy,monetary_policy
2020-08-08,62.0,2.0,1,2,monetary_policy,monetary_policy
2020-08-09,61.0,3.0,1,2,monetary_policy,monetary_policy
2020-08-10,60.0,4.0,1,2,monetary_policy,monetary_policy
2020-08-11,59.0,5.0,1,2,monetary_policy,monetary_policy
2020-08-12,58.0,6.0,1,2,monetary_policy,monetary_policy
2020-08-13,57.0,7.0,1,2,monetary_policy,monetary_policy
2020-08-14,56.0,8.0,0,0,monetary_policy,monetary_policy
2020-08-15,55.0,9.0,0,0,monetary_policy,monetary_policy
2020-08-16,54.0,10.0,0,0,monetary_policy,monetary_policy
2020-08-17,53.0,11.0,0,0,monetary_policy,monetary_policy
2020-08-18,52.0,12.0,0,0,monetary_policy,monetary_policy
2020-08-19,51.0,13.0,0,0,monetary_policy,monetary_policy
2020-08-20,50.0,14.0,0,0,monetary_policy,monetary_policy
2020-08-21,49.0,15.0,0,0,monetary_policy,monetary_policy
2020-08-22,48.0,16.0,0,0,monetary_policy,monetary_policy
2020-08-23,47.0,17.0,0,0,monetary_policy,monetary_policy
2020-08-24,46.0,18.0,0,0,monetary_policy,monetary_policy
2020-08-25,45.0,19.0,0,0,monetary_policy,monetary_policy
2020-08-26,44.0,20.0,0,0,monetary_policy,monetary_policy
2020-08-27,43.0,21.0,0,0,monetary_policy,monetary_policy
2020-08-28,42.0,22.0,0,0,monetary_policy,monetary_policy
2020-08-29,41.0,23.0,0,0,monetary_policy,monetary_policy
2020-08-30,40.0,24.0,0,0,monetary_policy,monetary_policy
2020-08-31,39.0,25.0,0,0,monetary_policy,monetary_policy
2020-09-01,38.0,26.0,0,0,monetary_policy,monetary_policy
2020-09-02,37.0,27.0,0,0,monetary_policy,monetary_policy
2020-09-03,36.0,28.0,0,0,monetary_policy,monetary_policy
2020-09-04,35.0,29.0,0,0,monetary_policy,monetary_policy
2020-09-05,34.0,30.0,0,0,monetary_policy,monetary_policy
2020-09-06,33.0,31.0,0,0,monetary_policy,monetary_policy
2020-09-07,32.0,32.0,0,0,monetary_policy,monetary_policy
2020-09-08,31.0,33.0,0,0,monetary_policy,monetary_policy
2020-09-09,30.0,34.0,0,0,monetary_policy,monetary_policy
2020-09-10,29.0,35.0,0,0,monetary_policy,monetary_policy
2020-09-11,28.0,36.0,0,0,monetary_policy,monetary_policy
2020-09-12,27.0,37.0,0,0,monetary_policy,monetary_policy
2020-09-13,26.0,38.0,0,0,monetary_policy,monetary_policy
2020-09-14,25.0,39.0,0,0,monetary_policy,monetary_policy
2020-09-15,24.0,40.0,0,0,monetary_policy,monetary_policy
2020-09-16,23.0,41.0,0,0,monetary_policy,monetary_policy
2020-09-17,22.0,42.0,0,0,monetary_policy,monetary_policy
2020-09-18,21.0,43.0,0,0,monetary_policy,monetary_policy
2020-09-19,20.0,44.0,0,0,monetary_policy,monetary_policy
2020-09-20,19.0,45.0,0,0,monetary_policy,monetary_policy
2020-09-21,18.0,46.0,0,0,monetary_policy,monetary_policy
2020-09-22,17.0,47.0,0,0,monetary_policy,monetary_policy
2020-09-23,16.0,48.0,0,0,monetary_policy,monetary_policy
2020-09-24,15.0,49.0,0,0,monetary_policy,monetary_policy
2020-09-25,14.0,50.0,0,0,monetary_policy,monetary_policy
2020-09-26,13.0,51.0,0,0,monetary_policy,monetary_policy
2020-09-27,12.0,52.0,0,0,monetary_policy,monetary_policy
2020-09-28,11.0,53.0,0,0,monetary_policy,monetary_policy
2020-09-29,10.0,54.0,0,0,monetary_policy,monetary_policy
2020-09-30,9.0,55.0,0,0,monetary_policy,monetary_policy
2020-10-01,8.0,56.0,0,0,monetary_policy,monetary_policy
2020-10-02,7.0,57.0,1,2,monetary_policy,monetary_policy
2020-10-03,6.0,58.0,1,2,monetary_policy,monetary_policy
2020-10-04,5.0,59.0,1,2,monetary_policy,monetary_policy
2020-10-05,4.0,60.0,1,2,monetary_policy,monetary_policy
2020-10-06,3.0,61.0,1,2,monetary_policy,monetary_policy
2020-10-07,2.0,62.0,1,2,monetary_policy,monetary_policy
2020-10-08,1.0,63.0,1,2,monetary_policy,monetary_policy
2020-10-09,56.0,0.0,1,2,monetary_policy,monetary_policy
2020-10-10,55.0,1.0,1,2,monetary_policy,monetary_policy
2020-10-11,54.0,2.0,1,2,monetary_policy,monetary_policy
2020-10-12,53.0,3.0,1,2,monetary_policy,monetary_policy
2020-10-13,52.0,4.0,1,2,monetary_policy,monetary_policy
2020-10-14,51.0,5.0,1,2,monetary_policy,monetary_policy
2020-10-15,50.0,6.0,1,2,monetary_policy,monetary_policy
2020-10-16,49.0,7.0,1,2,monetary_policy,monetary_policy
2020-10-17,48.0,8.0,0,0,monetary_policy,monetary_policy
2020-10-18,47.0,9.0,0,0,monetary_policy,monetary_policy
2020-10-19,46.0,10.0,0,0,monetary_policy,monetary_policy
2020-10-20,45.0,11.0,0,0,monetary_policy,monetary_policy
2020-10-21,44.0,12.0,0,0,monetary_policy,monetary_policy
2020-10-22,43.0,13.0,0,0,monetary_policy,monetary_policy
2020-10-23,42.0,14.0,0,0,monetary_policy,monetary_policy
2020-10-24,41.0,15.0,0,0,monetary_policy,monetary_policy
2020-10-25,40.0,16.0,0,0,monetary_policy,monetary_policy
2020-10-26,39.0,17.0,0,0,monetary_policy,monetary_policy
2020-10-27,38.0,18.0,0,0,monetary_policy,monetary_policy
2020-10-28,37.0,19.0,0,0,monetary_policy,monetary_policy
2020-10-29,36.0,20.0,0,0,monetary_policy,monetary_policy
2020-10-30,35.0,21.0,0,0,monetary_policy,monetary_policy
2020-10-31,34.0,22.0,0,0,monetary_policy,monetary_policy
2020-11-01,33.0,23.0,0,0,monetary_policy,monetary_policy
2020-11-02,32.0,24.0,0,0,monetary_policy,monetary_policy
2020-11-03,31.0,25.0,0,0,monetary_policy,monetary_policy
2020-11-04,30.0,26.0,0,0,monetary_policy,monetary_policy
2020-11-05,29.0,27.0,0,0,monetary_policy,monetary_policy
2020-11-06,28.0,28.0,0,0,monetary_policy,monetary_policy
2020-11-07,27.0,29.0,0,0,monetary_policy,monetary_policy
2020-11-08,26.0,30.0,0,0,monetary_policy,monetary_policy
2020-11-09,25.0,31.0,0,0,monetary_policy,monetary_policy
2020-11-10,24.0,32.0,0,0,monetary_policy,monetary_policy
2020-11-11,23.0,33.0,0,0,monetary_policy,monetary_policy
2020-11-12,22.0,34.0,0,0,monetary_policy,monetary_policy
2020-11-13,21.0,35.0,0,0,monetary_policy,monetary_policy
2020-11-14,20.0,36.0,0,0,monetary_policy,monetary_policy
2020-11-15,19.0,37.0,0,0,monetary_policy,monetary_policy
2020-11-16,18.0,38.0,0,0,monetary_policy,monetary_policy
2020-11-17,17.0,39.0,0,0,monetary_policy,monetary_policy
2020-11-18,16.0,40.0,0,0,monetary_policy,monetary_policy
2020-11-19,15.0,41.0,0,0,monetary_policy,monetary_policy
2020-11-20,14.0,42.0,0,0,monetary_policy,monetary_policy
2020-11-21,13.0,43.0,0,0,monetary_policy,monetary_policy
2020-11-22,12.0,44.0,0,0,monetary_policy,monetary_policy
2020-11-23,11.0,45.0,0,0,monetary_policy,monetary_policy
2020-11-24,10.0,46.0,0,0,monetary_policy,monetary_policy
2020-11-25,9.0,47.0,0,0,monetary_policy,monetary_policy
2020-11-26,8.0,48.0,0,0,monetary_policy,monetary_policy
2020-11-27,7.0,49.0,1,2,monetary_policy,monetary_policy
2020-11-28,6.0,50.0,1,2,monetary_policy,monetary_policy
2020-11-29,5.0,51.0,1,2,monetary_policy,monetary_policy
2020-11-30,4.0,52.0,1,2,monetary_policy,monetary_policy
2020-12-01,3.0,53.0,1,2,monetary_policy,monetary_policy
2020-12-02,2.0,54.0,1,2,monetary_policy,monetary_policy
2020-12-03,1.0,55.0,1,2,monetary_policy,monetary_policy
2020-12-04,59.0,0.0,1,2,budget,monetary_policy
2020-12-05,58.0,1.0,1,2,budget,monetary_policy
2020-12-06,57.0,2.0,1,2,budget,monetary_policy
2020-12-07,56.0,3.0,1,2,budget,monetary_policy
2020-12-08,55.0,4.0,1,2,budget,monetary_policy
2020-12-09,54.0,5.0,1,2,budget,monetary_policy
2020-12-10,53.0,6.0,1,2,budget,monetary_policy
2020-12-11,52.0,7.0,1,2,budget,monetary_policy
2020-12-12,51.0,8.0,0,0,budget,monetary_policy
2020-12-13,50.0,9.0,0,0,budget,monetary_policy
2020-12-14,49.0,10.0,0,0,budget,monetary_policy
2020-12-15,48.0,11.0,0,0,budget,monetary_policy
2020-12-16,47.0,12.0,0,0,budget,monetary_policy
2020-12-17,46.0,13.0,0,0,budget,monetary_policy
2020-12-18,45.0,14.0,0,0,budget,monetary_policy
2020-12-19,44.0,15.0,0,0,budget,monetary_policy
2020-12-20,43.0,16.0,0,0,budget,monetary_policy
2020-12-21,42.0,17.0,0,0,budget,monetary_policy
2020-12-22,41.0,18.0,0,0,budget,monetary_policy
2020-12-23,40.0,19.0,0,0,budget,monetary_policy
2020-12-24,39.0,20.0,0,0,budget,monetary_policy
2020-12-25,38.0,21.0,0,0,budget,monetary_policy
2020-12-26,37.0,22.0,0,0,budget,monetary_policy
2020-12-27,36.0,23.0,0,0,budget,monetary_policy
2020-12-28,35.0,24.0,0,0,budget,monetary_policy
2020-12-29,34.0,25.0,0,0,budget,monetary_policy
2020-12-30,33.0,26.0,0,0,budget,monetary_policy
2020-12-31,32.0,27.0,0,0,budget,monetary_policy
2021-01-01,31.0,28.0,0,0,budget,monetary_policy
2021-01-02,30.0,29.0,0,0,budget,monetary_policy
2021-01-03,29.0,30.0,0,0,budget,monetary_policy
2021-01-04,28.0,31.0,0,0,budget,monetary_policy
2021-01-05,27.0,32.0,0,0,budget,monetary_policy
2021-01-06,26.0,33.0,0,0,budget,monetary_policy
2021-01-07,25.0,34.0,0,0,budget,monetary_policy
2021-01-08,24.0,35.0,0,0,budget,monetary_policy
2021-01-09,23.0,36.0,0,0,budget,monetary_policy
2021-01-10,22.0,37.0,0,0,budget,monetary_policy
2021-01-11,21.0,38.0,0,0,budget,monetary_policy
2021-01-12,20.0,39.0,0,0,budget,monetary_policy
2021-01-13,19.0,40.0,0,0,budget,monetary_policy
2021-01-14,18.0,41.0,0,0,budget,monetary_policy
2021-01-15,17.0,42.0,0,0,budget,monetary_policy
2021-01-16,16.0,43.0,0,0,budget,monetary_policy
2021-01-17,15.0,44.0,0,0,budget,monetary_policy
2021-01-18,14.0,45.0,0,0,budget,monetary_policy
2021-01-19,13.0,46.0,0,0,budget,monetary_policy
2021-01-20,12.0,47.0,0,0,budget,monetary_policy
2021-01-21,11.0,48.0,0,0,budget,monetary_policy
2021-01-22,10.0,49.0,0,0,budget,monetary_policy
2021-01-23,9.0,50.0,0,0,budget,monetary_policy
2021-01-24,8.0,51.0,0,0,budget,monetary_policy
2021-01-25,7.0,52.0,1,3,budget,monetary_policy
2021-01-26,6.0,53.0,1,3,budget,monetary_policy
2021-01-27,5.0,54.0,1,3,budget,monetary_policy
2021-01-28,4.0,55.0,1,3,budget,monetary_policy
2021-01-29,3.0,56.0,1,3,budget,monetary_policy
2021-01-30,2.0,57.0,1,3,budget,monetary_policy
2021-01-31,1.0,58.0,1,3,budget,monetary_policy
2021-02-01,4.0,0.0,1,3,monetary_policy,budget
2021-02-02,3.0,1.0,1,3,monetary_policy,budget
2021-02-03,2.0,2.0,1,3,monetary_policy,budget
2021-02-04,1.0,3.0,1,3,monetary_policy,budget
2021-02-05,61.0,0.0,1,3,monetary_policy,monetary_policy
2021-02-06,60.0,1.0,1,3,monetary_policy,monetary_policy
2021-02-07,59.0,2.0,1,3,monetary_policy,monetary_policy
2021-02-08,58.0,3.0,1,3,monetary_policy,monetary_policy
2021-02-09,57.0,4.0,1,2,monetary_policy,monetary_policy
2021-02-10,56.0,5.0,1,2,monetary_policy,monetary_policy
2021-02-11,55.0,6.0,1,2,monetary_policy,monetary_policy
2021-02-12,54.0,7.0,1,2,monetary_policy,monetary_policy
2021-02-13,53.0,8.0,0,0,monetary_policy,monetary_policy
2021-02-14,52.0,9.0,0,0,monetary_policy,monetary_policy
2021-02-15,51.0,10.0,0,0,monetary_policy,monetary_policy
2021-02-16,50.0,11.0,0,0,monetary_policy,monetary_policy
2021-02-17,49.0,12.0,0,0,monetary_policy,monetary_policy
2021-02-18,48.0,13.0,0,0,monetary_policy,monetary_policy
2021-02-19,47.0,14.0,0,0,monetary_policy,monetary_policy
2021-02-20,46.0,15.0,0,0,monetary_policy,monetary_policy
2021-02-21,45.0,16.0,0,0,monetary_policy,monetary_policy
2021-02-22,44.0,17.0,0,0,monetary_policy,monetary_policy
2021-02-23,43.0,18.0,0,0,monetary_policy,monetary_policy
2021-02-24,42.0,19.0,0,0,monetary_policy,monetary_policy
2021-02-25,41.0,20.0,0,0,monetary_policy,monetary_policy
2021-02-26,40.0,21.0,0,0,monetary_policy,monetary_policy
2021-02-27,39.0,22.0,0,0,monetary_policy,monetary_policy
2021-02-28,38.0,23.0,0,0,monetary_policy,monetary_policy
2021-03-01,37.0,24.0,0,0,monetary_policy,monetary_policy
2021-03-02,36.0,25.0,0,0,monetary_policy,monetary_policy
2021-03-03,35.0,26.0,0,0,monetary_policy,monetary_policy
2021-03-04,34.0,27.0,0,0,monetary_policy,monetary_policy
2021-03-05,33.0,28.0,0,0,monetary_policy,monetary_policy
2021-03-06,32.0,29.0,0,0,monetary_policy,monetary_policy
2021-03-07,31.0,30.0,0,0,monetary_policy,monetary_policy
2021-03-08,30.0,31.0,0,0,monetary_policy,monetary_policy
2021-03-09,29.0,32.0,0,0,monetary_policy,monetary_policy
2021-03-10,28.0,33.0,0,0,monetary_policy,monetary_policy
2021-03-11,27.0,34.0,0,0,monetary_policy,monetary_policy
2021-03-12,26.0,35.0,0,0,monetary_policy,monetary_policy
2021-03-13,25.0,36.0,0,0,monetary_policy,monetary_policy
2021-03-14,24.0,37.0,0,0,monetary_policy,monetary_policy
2021-03-15,23.0,38.0,0,0,monetary_policy,monetary_policy
2021-03-16,22.0,39.0,0,0,monetary_policy,monetary_policy
2021-03-17,21.0,40.0,0,0,monetary_policy,monetary_policy
2021-03-18,20.0,41.0,0,0,monetary_policy,monetary_policy
2021-03-19,19.0,42.0,0,0,monetary_policy,monetary_policy
2021-03-20,18.0,43.0,0,0,monetary_policy,monetary_policy
2021-03-21,17.0,44.0,0,0,monetary_policy,monetary_policy
2021-03-22,16.0,45.0,0,0,monetary_policy,monetary_policy
2021-03-23,15.0,46.0,0,0,monetary_policy,monetary_policy
2021-03-24,14.0,47.0,0,0,monetary_policy,monetary_policy
2021-03-25,13.0,48.0,0,0,monetary_policy,monetary_policy
2021-03-26,12.0,49.0,0,0,monetary_policy,monetary_policy
2021-03-27,11.0,50.0,0,0,monetary_policy,monetary_policy
2021-03-28,10.0,51.0,0,0,monetary_policy,monetary_policy
2021-03-29,9.0,52.0,0,0,monetary_policy,monetary_policy
2021-03-30,8.0,53.0,0,0,monetary_policy,monetary_policy
2021-03-31,7.0,54.0,1,2,monetary_policy,monetary_policy
2021-04-01,6.0,55.0,1,2,monetary_policy,monetary_policy
2021-04-02,5.0,56.0,1,2,monetary_policy,monetary_policy
2021-04-03,4.0,57.0,1,2,monetary_policy,monetary_policy
2021-04-04,3.0,58.0,1,2,monetary_policy,monetary_policy
2021-04-05,2.0,59.0,1,2,monetary_policy,monetary_policy
2021-04-06,1.0,60.0,1,2,monetary_policy,monetary_policy
2021-04-07,7.0,0.0,1,2,health,monetary_policy
2021-04-08,6.0,1.0,1,2,health,monetary_policy
2021-04-09,5.0,2.0,1,2,health,monetary_policy
2021-04-10,4.0,3.0,1,2,health,monetary_policy
2021-04-11,3.0,4.0,1,2,health,monetary_policy
2021-04-12,2.0,5.0,1,2,health,monetary_policy
2021-04-13,1.0,6.0,1,2,health,monetary_policy
2021-04-14,51.0,0.0,1,2,monetary_policy,health
2021-04-15,50.0,1.0,1,2,monetary_policy,health
2021-04-16,49.0,2.0,1,2,monetary_policy,health
2021-04-17,48.0,3.0,1,2,monetary_policy,health
2021-04-18,47.0,4.0,1,2,monetary_policy,health
2021-04-19,46.0,5.0,1,2,monetary_policy,health
2021-04-20,45.0,6.0,1,2,monetary_policy,health
2021-04-21,44.0,7.0,1,2,monetary_policy,health
2021-04-22,43.0,8.0,0,0,monetary_policy,health
2021-04-23,42.0,9.0,0,0,monetary_policy,health
2021-04-24,41.0,10.0,0,0,monetary_policy,health
2021-04-25,40.0,11.0,0,0,monetary_policy,health
2021-04-26,39.0,12.0,0,0,monetary_policy,health
2021-04-27,38.0,13.0,0,0,monetary_policy,health
2021-04-28,37.0,14.0,0,0,monetary_policy,health
2021-04-29,36.0,15.0,0,0,monetary_policy,health
2021-04-30,35.0,16.0,0,0,monetary_policy,health
2021-05-01,34.0,17.0,0,0,monetary_policy,health
2021-05-02,33.0,18.0,0,0,monetary_policy,health
2021-05-03,32.0,19.0,0,0,monetary_policy,health
2021-05-04,31.0,20.0,0,0,monetary_policy,health
2021-05-05,30.0,21.0,0,0,monetary_policy,health
2021-05-06,29.0,22.0,0,0,monetary_policy,health
2021-05-07,28.0,23.0,0,0,monetary_policy,health
2021-05-08,27.0,24.0,0,0,monetary_policy,health
2021-05-09,26.0,25.0,0,0,monetary_policy,health
2021-05-10,25.0,26.0,0,0,monetary_policy,health
2021-05-11,24.0,27.0,0,0,monetary_policy,health
2021-05-12,23.0,28.0,0,0,monetary_policy,health
2021-05-13,22.0,29.0,0,0,monetary_policy,health
2021-05-14,21.0,30.0,0,0,monetary_policy,health
2021-05-15,20.0,31.0,0,0,monetary_policy,health
2021-05-16,19.0,32.0,0,0,monetary_policy,health
2021-05-17,18.0,33.0,0,0,monetary_policy,health
2021-05-18,17.0,34.0,0,0,monetary_policy,health
2021-05-19,16.0,35.0,0,0,monetary_policy,health
2021-05-20,15.0,36.0,0,0,monetary_policy,health
2021-05-21,14.0,37.0,0,0,monetary_policy,health
2021-05-22,13.0,38.0,0,0,monetary_policy,health
2021-05-23,12.0,39.0,0,0,monetary_policy,health
2021-05-24,11.0,40.0,0,0,monetary_policy,health
2021-05-25,10.0,41.0,0,0,monetary_policy,health
2021-05-26,9.0,42.0,0,0,monetary_policy,health
2021-05-27,8.0,43.0,0,0,monetary_policy,health
2021-05-28,7.0,44.0,1,2,monetary_policy,health
2021-05-29,6.0,45.0,1,2,monetary_policy,health
2021-05-30,5.0,46.0,1,2,monetary_policy,health
2021-05-31,4.0,47.0,1,2,monetary_policy,health
2021-06-01,3.0,48.0,1,2,monetary_policy,health
2021-06-02,2.0,49.0,1,2,monetary_policy,health
2021-06-03,1.0,50.0,1,2,monetary_policy,health
2021-06-04,63.0,0.0,1,2,monetary_policy,monetary_policy
2021-06-05,62.0,1.0,1,2,monetary_policy,monetary_policy
2021-06-06,61.0,2.0,1,2,monetary_policy,monetary_policy
2021-06-07,60.0,3.0,1,2,monetary_policy,monetary_policy
2021-06-08,59.0,4.0,1,2,monetary_policy,monetary_policy
2021-06-09,58.0,5.0,1,2,monetary_policy,monetary_policy
2021-06-10,57.0,6.0,1,2,monetary_policy,monetary_policy
2021-06-11,56.0,7.0,1,2,monetary_policy,monetary_policy
2021-06-12,55.0,8.0,0,0,monetary_policy,monetary_policy
2021-06-13,54.0,9.0,0,0,monetary_policy,monetary_policy
2021-06-14,53.0,10.0,0,0,monetary_policy,monetary_policy
2021-06-15,52.0,11.0,0,0,monetary_policy,monetary_policy
2021-06-16,51.0,12.0,0,0,monetary_policy,monetary_policy
2021-06-17,50.0,13.0,0,0,monetary_policy,monetary_policy
2021-06-18,49.0,14.0,0,0,monetary_policy,monetary_policy
2021-06-19,48.0,15.0,0,0,monetary_policy,monetary_policy
2021-06-20,47.0,16.0,0,0,monetary_policy,monetary_policy
2021-06-21,46.0,17.0,0,0,monetary_policy,monetary_policy
2021-06-22,45.0,18.0,0,0,monetary_policy,monetary_policy
2021-06-23,44.0,19.0,0,0,monetary_policy,monetary_policy
2021-06-24,43.0,20.0,0,0,monetary_policy,monetary_policy
2021-06-25,42.0,21.0,0,0,monetary_policy,monetary_policy
2021-06-26,41.0,22.0,0,0,monetary_policy,monetary_policy
2021-06-27,40.0,23.0,0,0,monetary_policy,monetary_policy
2021-06-28,39.0,24.0,0,0,monetary_policy,monetary_policy
2021-06-29,38.0,25.0,0,0,monetary_policy,monetary_policy
2021-06-30,37.0,26.0,0,0,monetary_policy,monetary_policy
2021-07-01,36.0,27.0,0,0,monetary_policy,monetary_policy
2021-07-02,35.0,28.0,0,0,monetary_policy,monetary_policy
2021-07-03,34.0,29.0,0,0,monetary_policy,monetary_policy
2021-07-04,33.0,30.0,0,0,monetary_policy,monetary_policy
2021-07-05,32.0,31.0,0,0,monetary_policy,monetary_policy
2021-07-06,31.0,32.0,0,0,monetary_policy,monetary_policy
2021-07-07,30.0,33.0,0,0,monetary_policy,monetary_policy
2021-07-08,29.0,34.0,0,0,monetary_policy,monetary_policy
2021-07-09,28.0,35.0,0,0,monetary_policy,monetary_policy
2021-07-10,27.0,36.0,0,0,monetary_policy,monetary_policy
2021-07-11,26.0,37.0,0,0,monetary_policy,monetary_policy
2021-07-12,25.0,38.0,0,0,monetary_policy,monetary_policy
2021-07-13,24.0,39.0,0,0,monetary_policy,monetary_policy
2021-07-14,23.0,40.0,0,0,monetary_policy,monetary_policy
2021-07-15,22.0,41.0,0,0,monetary_policy,monetary_policy
2021-07-16,21.0,42.0,0,0,monetary_policy,monetary_policy
2021-07-17,20.0,43.0,0,0,monetary_policy,monetary_policy
2021-07-18,19.0,44.0,0,0,monetary_policy,monetary_policy
2021-07-19,18.0,45.0,0,0,monetary_policy,monetary_policy
2021-07-20,17.0,46.0,0,0,monetary_policy,monetary_policy
2021-07-21,16.0,47.0,0,0,monetary_policy,monetary_policy
2021-07-22,15.0,48.0,0,0,monetary_policy,monetary_policy
2021-07-23,14.0,49.0,0,0,monetary_policy,monetary_policy
2021-07-24,13.0,50.0,0,0,monetary_policy,monetary_policy
2021-07-25,12.0,51.0,0,0,monetary_policy,monetary_policy
2021-07-26,11.0,52.0,0,0,monetary_policy,monetary_policy
2021-07-27,10.0,53.0,0,0,monetary_policy,monetary_policy
2021-07-28,9.0,54.0,0,0,monetary_policy,monetary_policy
2021-07-29,8.0,55.0,0,0,monetary_policy,monetary_policy
2021-07-30,7.0,56.0,1,2,monetary_policy,monetary_policy
2021-07-31,6.0,57.0,1,2,monetary_policy,monetary_policy
2021-08-01,5.0,58.0,1,2,monetary_policy,monetary_policy
2021-08-02,4.0,59.0,1,2,monetary_policy,monetary_policy
2021-08-03,3.0,60.0,1,2,monetary_policy,monetary_policy
2021-08-04,2.0,61.0,1,2,monetary_policy,monetary_policy
2021-08-05,1.0,62.0,1,2,monetary_policy,monetary_policy
2021-08-06,63.0,0.0,1,2,monetary_policy,monetary_policy
2021-08-07,62.0,1.0,1,2,monetary_policy,monetary_policy
2021-08-08,61.0,2.0,1,2,monetary_policy,monetary_policy
2021-08-09,60.0,3.0,1,2,monetary_policy,monetary_policy
2021-08-10,59.0,4.0,1,2,monetary_policy,monetary_policy
2021-08-11,58.0,5.0,1,2,monetary_policy,monetary_policy
2021-08-12,57.0,6.0,1,2,monetary_policy,monetary_policy
2021-08-13,56.0,7.0,1,2,monetary_policy,monetary_policy
2021-08-14,55.0,8.0,0,0,monetary_policy,monetary_policy
2021-08-15,54.0,9.0,0,0,monetary_policy,monetary_policy
2021-08-16,53.0,10.0,0,0,monetary_policy,monetary_policy
2021-08-17,52.0,11.0,0,0,monetary_policy,monetary_policy
2021-08-18,51.0,12.0,0,0,monetary_policy,monetary_policy
2021-08-19,50.0,13.0,0,0,monetary_policy,monetary_policy
2021-08-20,49.0,14.0,0,0,monetary_policy,monetary_policy
2021-08-21,48.0,15.0,0,0,monetary_policy,monetary_policy
2021-08-22,47.0,16.0,0,0,monetary_policy,monetary_policy
2021-08-23,46.0,17.0,0,0,monetary_policy,monetary_policy
2021-08-24,45.0,18.0,0,0,monetary_policy,monetary_policy
2021-08-25,44.0,19.0,0,0,monetary_policy,monetary_policy
2021-08-26,43.0,20.0,0,0,monetary_policy,monetary_policy
2021-08-27,42.0,21.0,0,0,monetary_policy,monetary_policy
2021-08-28,41.0,22.0,0,0,monetary_policy,monetary_policy
2021-08-29,40.0,23.0,0,0,monetary_policy,monetary_policy
2021-08-30,39.0,24.0,0,0,monetary_policy,monetary_policy
2021-08-31,38.0,25.0,0,0,monetary_policy,monetary_policy
2021-09-01,37.0,26.0,0,0,monetary_policy,monetary_policy
2021-09-02,36.0,27.0,0,0,monetary_policy,monetary_policy
2021-09-03,35.0,28.0,0,0,monetary_policy,monetary_policy
2021-09-04,34.0,29.0,0,0,monetary_policy,monetary_policy
2021-09-05,33.0,30.0,0,0,monetary_policy,monetary_policy
2021-09-06,32.0,31.0,0,0,monetary_policy,monetary_policy
2021-09-07,31.0,32.0,0,0,monetary_policy,monetary_policy
2021-09-08,30.0,33.0,0,0,monetary_policy,monetary_policy
2021-09-09,29.0,34.0,0,0,monetary_policy,monetary_policy
2021-09-10,28.0,35.0,0,0,monetary_policy,monetary_policy
2021-09-11,27.0,36.0,0,0,monetary_policy,monetary_policy
2021-09-12,26.0,37.0,0,0,monetary_policy,monetary_policy
2021-09-13,25.0,38.0,0,0,monetary_policy,monetary_policy
2021-09-14,24.0,39.0,0,0,monetary_policy,monetary_policy
2021-09-15,23.0,40.0,0,0,monetary_policy,monetary_policy
2021-09-16,22.0,41.0,0,0,monetary_policy,monetary_policy
2021-09-17,21.0,42.0,0,0,monetary_policy,monetary_policy
2021-09-18,20.0,43.0,0,0,monetary_policy,monetary_policy
2021-09-19,19.0,44.0,0,0,monetary_policy,monetary_policy
2021-09-20,18.0,45.0,0,0,monetary_policy,monetary_policy
2021-09-21,17.0,46.0,0,0,monetary_policy,monetary_policy
2021-09-22,16.0,47.0,0,0,monetary_policy,monetary_policy
2021-09-23,15.0,48.0,0,0,monetary_policy,monetary_policy
2021-09-24,14.0,49.0,0,0,monetary_policy,monetary_policy
2021-09-25,13.0,50.0,0,0,monetary_policy,monetary_policy
2021-09-26,12.0,51.0,0,0,monetary_policy,monetary_policy
2021-09-27,11.0,52.0,0,0,monetary_policy,monetary_policy
2021-09-28,10.0,53.0,0,0,monetary_policy,monetary_policy
2021-09-29,9.0,54.0,0,0,monetary_policy,monetary_policy
2021-09-30,8.0,55.0,0,0,monetary_policy,monetary_policy
2021-10-01,7.0,56.0,1,2,monetary_policy,monetary_policy
2021-10-02,6.0,57.0,1,2,monetary_policy,monetary_policy
2021-10-03,5.0,58.0,1,2,monetary_policy,monetary_policy
2021-10-04,4.0,59.0,1,2,monetary_policy,monetary_policy
2021-10-05,3.0,60.0,1,2,monetary_policy,monetary_policy
2021-10-06,2.0,61.0,1,2,monetary_policy,monetary_policy
2021-10-07,1.0,62.0,1,2,monetary_policy,monetary_policy
2021-10-08,61.0,0.0,1,2,monetary_policy,monetary_policy
2021-10-09,60.0,1.0,1,2,monetary_policy,monetary_policy
2021-10-10,59.0,2.0,1,2,monetary_policy,monetary_policy
2021-10-11,58.0,3.0,1,2,monetary_policy,monetary_policy
2021-10-12,57.0,4.0,1,2,monetary_policy,monetary_policy
2021-10-13,56.0,5.0,1,2,monetary_policy,monetary_policy
2021-10-14,55.0,6.0,1,2,monetary_policy,monetary_policy
2021-10-15,54.0,7.0,1,2,monetary_policy,monetary_policy
2021-10-16,53.0,8.0,0,0,monetary_policy,monetary_policy
2021-10-17,52.0,9.0,0,0,monetary_policy,monetary_policy
2021-10-18,51.0,10.0,0,0,monetary_policy,monetary_policy
2021-10-19,50.0,11.0,0,0,monetary_policy,monetary_policy
2021-10-20,49.0,12.0,0,0,monetary_policy,monetary_policy
2021-10-21,48.0,13.0,0,0,monetary_policy,monetary_policy
2021-10-22,47.0,14.0,0,0,monetary_policy,monetary_policy
2021-10-23,46.0,15.0,0,0,monetary_policy,monetary_policy
2021-10-24,45.0,16.0,0,0,monetary_policy,monetary_policy
2021-10-25,44.0,17.0,0,0,monetary_policy,monetary_policy
2021-10-26,43.0,18.0,0,0,monetary_policy,monetary_policy
2021-10-27,42.0,19.0,0,0,monetary_policy,monetary_policy
2021-10-28,41.0,20.0,0,0,monetary_policy,monetary_policy
2021-10-29,40.0,21.0,0,0,monetary_policy,monetary_policy
2021-10-30,39.0,22.0,0,0,monetary_policy,monetary_policy
2021-10-31,38.0,23.0,0,0,monetary_policy,monetary_policy
2021-11-01,37.0,24.0,0,0,monetary_policy,monetary_policy
2021-11-02,36.0,25.0,0,0,monetary_policy,monetary_policy
2021-11-03,35.0,26.0,0,0,monetary_policy,monetary_policy
2021-11-04,34.0,27.0,0,0,monetary_policy,monetary_policy
2021-11-05,33.0,28.0,0,0,monetary_policy,monetary_policy
2021-11-06,32.0,29.0,0,0,monetary_policy,monetary_policy
2021-11-07,31.0,30.0,0,0,monetary_policy,monetary_policy
2021-11-08,30.0,31.0,0,0,monetary_policy,monetary_policy
2021-11-09,29.0,32.0,0,0,monetary_policy,monetary_policy
2021-11-10,28.0,33.0,0,0,monetary_policy,monetary_policy
2021-11-11,27.0,34.0,0,0,monetary_policy,monetary_policy
2021-11-12,26.0,35.0,0,0,monetary_policy,monetary_policy
2021-11-13,25.0,36.0,0,0,monetary_policy,monetary_policy
2021-11-14,24.0,37.0,0,0,monetary_policy,monetary_policy
2021-11-15,23.0,38.0,0,0,monetary_policy,monetary_policy
2021-11-16,22.0,39.0,0,0,monetary_policy,monetary_policy
2021-11-17,21.0,40.0,0,0,monetary_policy,monetary_policy
2021-11-18,20.0,41.0,0,0,monetary_policy,monetary_policy
2021-11-19,19.0,42.0,0,0,monetary_policy,monetary_policy
2021-11-20,18.0,43.0,0,0,monetary_policy,monetary_policy
2021-11-21,17.0,44.0,0,0,monetary_policy,monetary_policy
2021-11-22,16.0,45.0,0,0,monetary_policy,monetary_policy
2021-11-23,15.0,46.0,0,0,monetary_policy,monetary_policy
2021-11-24,14.0,47.0,0,0,monetary_policy,monetary_policy
2021-11-25,13.0,48.0,0,0,monetary_policy,monetary_policy
2021-11-26,12.0,49.0,0,0,monetary_policy,monetary_policy
2021-11-27,11.0,50.0,0,0,monetary_policy,monetary_policy
2021-11-28,10.0,51.0,0,0,monetary_policy,monetary_policy
2021-11-29,9.0,52.0,0,0,monetary_policy,monetary_policy
2021-11-30,8.0,53.0,0,0,monetary_policy,monetary_policy
2021-12-01,7.0,54.0,1,2,monetary_policy,monetary_policy
2021-12-02,6.0,55.0,1,2,monetary_policy,monetary_policy
2021-12-03,5.0,56.0,1,2,monetary_policy,monetary_policy
2021-12-04,4.0,57.0,1,2,monetary_policy,monetary_policy
2021-12-05,3.0,58.0,1,2,monetary_policy,monetary_policy
2021-12-06,2.0,59.0,1,2,monetary_policy,monetary_policy
2021-12-07,1.0,60.0,1,2,monetary_policy,monetary_policy
2021-12-08,55.0,0.0,1,2,budget,monetary_policy
2021-12-09,54.0,1.0,1,2,budget,monetary_policy
2021-12-10,53.0,2.0,1,2,budget,monetary_policy
2021-12-11,52.0,3.0,1,2,budget,monetary_policy
2021-12-12,51.0,4.0,1,2,budget,monetary_policy
2021-12-13,50.0,5.0,1,2,budget,monetary_policy
2021-12-14,49.0,6.0,1,2,budget,monetary_policy
2021-12-15,48.0,7.0,1,2,budget,monetary_policy
2021-12-16,47.0,8.0,0,0,budget,monetary_policy
2021-12-17,46.0,9.0,0,0,budget,monetary_policy
2021-12-18,45.0,10.0,0,0,budget,monetary_policy
2021-12-19,44.0,11.0,0,0,budget,monetary_policy
2021-12-20,43.0,12.0,0,0,budget,monetary_policy
2021-12-21,42.0,13.0,0,0,budget,monetary_policy
2021-12-22,41.0,14.0,0,0,budget,monetary_policy
2021-12-23,40.0,15.0,0,0,budget,monetary_policy
2021-12-24,39.0,16.0,0,0,budget,monetary_policy
2021-12-25,38.0,17.0,0,0,budget,monetary_policy
2021-12-26,37.0,18.0,0,0,budget,monetary_policy
2021-12-27,36.0,19.0,0,0,budget,monetary_policy
2021-12-28,35.0,20.0,0,0,budget,monetary_policy
2021-12-29,34.0,21.0,0,0,budget,monetary_policy
2021-12-30,33.0,22.0,0,0,budget,monetary_policy
2021-12-31,32.0,23.0,0,0,budget,monetary_policy
2022-01-01,31.0,24.0,0,0,budget,monetary_policy
2022-01-02,30.0,25.0,0,0,budget,monetary_policy
2022-01-03,29.0,26.0,0,0,budget,monetary_policy
2022-01-04,28.0,27.0,0,0,budget,monetary_policy
2022-01-05,27.0,28.0,0,0,budget,monetary_policy
2022-01-06,26.0,29.0,0,0,budget,monetary_policy
2022-01-07,25.0,30.0,0,0,budget,monetary_policy
2022-01-08,24.0,31.0,0,0,budget,monetary_policy
2022-01-09,23.0,32.0,0,0,budget,monetary_policy
2022-01-10,22.0,33.0,0,0,budget,monetary_policy
2022-01-11,21.0,34.0,0,0,budget,monetary_policy
2022-01-12,20.0,35.0,0,0,budget,monetary_policy
2022-01-13,19.0,36.0,0,0,budget,monetary_policy
2022-01-14,18.0,37.0,0,0,budget,monetary_policy
2022-01-15,17.0,38.0,0,0,budget,monetary_policy
2022-01-16,16.0,39.0,0,0,budget,monetary_policy
2022-01-17,15.0,40.0,0,0,budget,monetary_policy
2022-01-18,14.0,41.0,0,0,budget,monetary_policy
2022-01-19,13.0,42.0,0,0,budget,monetary_policy
2022-01-20,12.0,43.0,0,0,budget,monetary_policy
2022-01-21,11.0,44.0,0,0,budget,monetary_policy
2022-01-22,10.0,45.0,0,0,budget,monetary_policy
2022-01-23,9.0,46.0,0,0,budget,monetary_policy
2022-01-24,8.0,47.0,0,0,budget,monetary_policy
2022-01-25,7.0,48.0,1,3,budget,monetary_policy
2022-01-26,6.0,49.0,1,3,budget,monetary_policy
2022-01-27,5.0,50.0,1,3,budget,monetary_policy
2022-01-28,4.0,51.0,1,3,budget,monetary_policy
2022-01-29,3.0,52.0,1,3,budget,monetary_policy
2022-01-30,2.0,53.0,1,3,budget,monetary_policy
2022-01-31,1.0,54.0,1,3,budget,monetary_policy
2022-02-01,9.0,0.0,1,3,monetary_policy,budget
2022-02-02,8.0,1.0,1,3,monetary_policy,budget
2022-02-03,7.0,2.0,1,3,monetary_policy,budget
2022-02-04,6.0,3.0,1,3,monetary_policy,budget
2022-02-05,5.0,4.0,1,3,monetary_policy,budget
2022-02-06,4.0,5.0,1,3,monetary_policy,budget
2022-02-07,3.0,6.0,1,3,monetary_policy,budget
2022-02-08,2.0,7.0,1,3,monetary_policy,budget
2022-02-09,1.0,8.0,1,2,monetary_policy,budget
2022-02-10,14.0,0.0,1,2,geopolitical,monetary_policy
2022-02-11,13.0,1.0,1,2,geopolitical,monetary_policy
2022-02-12,12.0,2.0,1,2,geopolitical,monetary_policy
2022-02-13,11.0,3.0,1,2,geopolitical,monetary_policy
2022-02-14,10.0,4.0,1,2,geopolitical,monetary_policy
2022-02-15,9.0,5.0,1,2,geopolitical,monetary_policy
2022-02-16,8.0,6.0,1,2,geopolitical,monetary_policy
2022-02-17,7.0,7.0,1,2,geopolitical,monetary_policy
2022-02-18,6.0,8.0,1,2,geopolitical,monetary_policy
2022-02-19,5.0,9.0,1,2,geopolitical,monetary_policy
2022-02-20,4.0,10.0,1,2,geopolitical,monetary_policy
2022-02-21,3.0,11.0,1,2,geopolitical,monetary_policy
2022-02-22,2.0,12.0,1,2,geopolitical,monetary_policy
2022-02-23,1.0,13.0,1,2,geopolitical,monetary_policy
2022-02-24,43.0,0.0,1,2,monetary_policy,geopolitical
2022-02-25,42.0,1.0,1,2,monetary_policy,geopolitical
2022-02-26,41.0,2.0,1,2,monetary_policy,geopolitical
2022-02-27,40.0,3.0,1,2,monetary_policy,geopolitical
2022-02-28,39.0,4.0,1,2,monetary_policy,geopolitical
2022-03-01,38.0,5.0,1,2,monetary_policy,geopolitical
2022-03-02,37.0,6.0,1,2,monetary_policy,geopolitical
2022-03-03,36.0,7.0,1,2,monetary_policy,geopolitical
2022-03-04,35.0,8.0,0,0,monetary_policy,geopolitical
2022-03-05,34.0,9.0,0,0,monetary_policy,geopolitical
2022-03-06,33.0,10.0,0,0,monetary_policy,geopolitical
2022-03-07,32.0,11.0,0,0,monetary_policy,geopolitical
2022-03-08,31.0,12.0,0,0,monetary_policy,geopolitical
2022-03-09,30.0,13.0,0,0,monetary_policy,geopolitical
2022-03-10,29.0,14.0,0,0,monetary_policy,geopolitical
2022-03-11,28.0,15.0,0,0,monetary_policy,geopolitical
2022-03-12,27.0,16.0,0,0,monetary_policy,geopolitical
2022-03-13,26.0,17.0,0,0,monetary_policy,geopolitical
2022-03-14,25.0,18.0,0,0,monetary_policy,geopolitical
2022-03-15,24.0,19.0,0,0,monetary_policy,geopolitical
2022-03-16,23.0,20.0,0,0,monetary_policy,geopolitical
2022-03-17,22.0,21.0,0,0,monetary_policy,geopolitical
2022-03-18,21.0,22.0,0,0,monetary_policy,geopolitical
2022-03-19,20.0,23.0,0,0,monetary_policy,geopolitical
2022-03-20,19.0,24.0,0,0,monetary_policy,geopolitical
2022-03-21,18.0,25.0,0,0,monetary_policy,geopolitical
2022-03-22,17.0,26.0,0,0,monetary_policy,geopolitical
2022-03-23,16.0,27.0,0,0,monetary_policy,geopolitical
2022-03-24,15.0,28.0,0,0,monetary_policy,geopolitical
2022-03-25,14.0,29.0,0,0,monetary_policy,geopolitical
2022-03-26,13.0,30.0,0,0,monetary_policy,geopolitical
2022-03-27,12.0,31.0,0,0,monetary_policy,geopolitical
2022-03-28,11.0,32.0,0,0,monetary_policy,geopolitical
2022-03-29,10.0,33.0,0,0,monetary_policy,geopolitical
2022-03-30,9.0,34.0,0,0,monetary_policy,geopolitical
2022-03-31,8.0,35.0,0,0,monetary_policy,geopolitical
2022-04-01,7.0,36.0,1,2,monetary_policy,geopolitical
2022-04-02,6.0,37.0,1,2,monetary_policy,geopolitical
2022-04-03,5.0,38.0,1,2,monetary_policy,geopolitical
2022-04-04,4.0,39.0,1,2,monetary_policy,geopolitical
2022-04-05,3.0,40.0,1,2,monetary_policy,geopolitical
2022-04-06,2.0,41.0,1,2,monetary_policy,geopolitical
2022-04-07,1.0,42.0,1,2,monetary_policy,geopolitical
2022-04-08,61.0,0.0,1,2,monetary_policy,monetary_policy
2022-04-09,60.0,1.0,1,2,monetary_policy,monetary_policy
2022-04-10,59.0,2.0,1,2,monetary_policy,monetary_policy
2022-04-11,58.0,3.0,1,2,monetary_policy,monetary_policy
2022-04-12,57.0,4.0,1,2,monetary_policy,monetary_policy
2022-04-13,56.0,5.0,1,2,monetary_policy,monetary_policy
2022-04-14,55.0,6.0,1,2,monetary_policy,monetary_policy
2022-04-15,54.0,7.0,1,2,monetary_policy,monetary_policy
2022-04-16,53.0,8.0,0,0,monetary_policy,monetary_policy
2022-04-17,52.0,9.0,0,0,monetary_policy,monetary_policy
2022-04-18,51.0,10.0,0,0,monetary_policy,monetary_policy
2022-04-19,50.0,11.0,0,0,monetary_policy,monetary_policy
2022-04-20,49.0,12.0,0,0,monetary_policy,monetary_policy
2022-04-21,48.0,13.0,0,0,monetary_policy,monetary_policy
2022-04-22,47.0,14.0,0,0,monetary_policy,monetary_policy
2022-04-23,46.0,15.0,0,0,monetary_policy,monetary_policy
2022-04-24,45.0,16.0,0,0,monetary_policy,monetary_policy
2022-04-25,44.0,17.0,0,0,monetary_policy,monetary_policy
2022-04-26,43.0,18.0,0,0,monetary_policy,monetary_policy
2022-04-27,42.0,19.0,0,0,monetary_policy,monetary_policy
2022-04-28,41.0,20.0,0,0,monetary_policy,monetary_policy
2022-04-29,40.0,21.0,0,0,monetary_policy,monetary_policy
2022-04-30,39.0,22.0,0,0,monetary_policy,monetary_policy
2022-05-01,38.0,23.0,0,0,monetary_policy,monetary_policy
2022-05-02,37.0,24.0,0,0,monetary_policy,monetary_policy
2022-05-03,36.0,25.0,0,0,monetary_policy,monetary_policy
2022-05-04,35.0,26.0,0,0,monetary_policy,monetary_policy
2022-05-05,34.0,27.0,0,0,monetary_policy,monetary_policy
2022-05-06,33.0,28.0,0,0,monetary_policy,monetary_policy
2022-05-07,32.0,29.0,0,0,monetary_policy,monetary_policy
2022-05-08,31.0,30.0,0,0,monetary_policy,monetary_policy
2022-05-09,30.0,31.0,0,0,monetary_policy,monetary_policy
2022-05-10,29.0,32.0,0,0,monetary_policy,monetary_policy
2022-05-11,28.0,33.0,0,0,monetary_policy,monetary_policy
2022-05-12,27.0,34.0,0,0,monetary_policy,monetary_policy
2022-05-13,26.0,35.0,0,0,monetary_policy,monetary_policy
2022-05-14,25.0,36.0,0,0,monetary_policy,monetary_policy
2022-05-15,24.0,37.0,0,0,monetary_policy,monetary_policy
2022-05-16,23.0,38.0,0,0,monetary_policy,monetary_policy
2022-05-17,22.0,39.0,0,0,monetary_policy,monetary_policy
2022-05-18,21.0,40.0,0,0,monetary_policy,monetary_policy
2022-05-19,20.0,41.0,0,0,monetary_policy,monetary_policy
2022-05-20,19.0,42.0,0,0,monetary_policy,monetary_policy
2022-05-21,18.0,43.0,0,0,monetary_policy,monetary_policy
2022-05-22,17.0,44.0,0,0,monetary_policy,monetary_policy
2022-05-23,16.0,45.0,0,0,monetary_policy,monetary_policy
2022-05-24,15.0,46.0,0,0,monetary_policy,monetary_policy
2022-05-25,14.0,47.0,0,0,monetary_policy,monetary_policy
2022-05-26,13.0,48.0,0,0,monetary_policy,monetary_policy
2022-05-27,12.0,49.0,0,0,monetary_policy,monetary_policy
2022-05-28,11.0,50.0,0,0,monetary_policy,monetary_policy
2022-05-29,10.0,51.0,0,0,monetary_policy,monetary_policy
2022-05-30,9.0,52.0,0,0,monetary_policy,monetary_policy
2022-05-31,8.0,53.0,0,0,monetary_policy,monetary_policy
2022-06-01,7.0,54.0,1,2,monetary_policy,monetary_policy
2022-06-02,6.0,55.0,1,2,monetary_policy,monetary_policy
2022-06-03,5.0,56.0,1,2,monetary_policy,monetary_policy
2022-06-04,4.0,57.0,1,2,monetary_policy,monetary_policy
2022-06-05,3.0,58.0,1,2,monetary_policy,monetary_policy
2022-06-06,2.0,59.0,1,2,monetary_policy,monetary_policy
2022-06-07,1.0,60.0,1,2,monetary_policy,monetary_policy
2022-06-08,58.0,0.0,1,2,monetary_policy,monetary_policy
2022-06-09,57.0,1.0,1,2,monetary_policy,monetary_policy
2022-06-10,56.0,2.0,1,2,monetary_policy,monetary_policy
2022-06-11,55.0,3.0,1,2,monetary_policy,monetary_policy
2022-06-12,54.0,4.0,1,2,monetary_policy,monetary_policy
2022-06-13,53.0,5.0,1,2,monetary_policy,monetary_policy
2022-06-14,52.0,6.0,1,2,monetary_policy,monetary_policy
2022-06-15,51.0,7.0,1,2,monetary_policy,monetary_policy
2022-06-16,50.0,8.0,0,0,monetary_policy,monetary_policy
2022-06-17,49.0,9.0,0,0,monetary_policy,monetary_policy
2022-06-18,48.0,10.0,0,0,monetary_policy,monetary_policy
2022-06-19,47.0,11.0,0,0,monetary_policy,monetary_policy
2022-06-20,46.0,12.0,0,0,monetary_policy,monetary_policy
2022-06-21,45.0,13.0,0,0,monetary_policy,monetary_policy
2022-06-22,44.0,14.0,0,0,monetary_policy,monetary_policy
2022-06-23,43.0,15.0,0,0,monetary_policy,monetary_policy
2022-06-24,42.0,16.0,0,0,monetary_policy,monetary_policy
2022-06-25,41.0,17.0,0,0,monetary_policy,monetary_policy
2022-06-26,40.0,18.0,0,0,monetary_policy,monetary_policy
2022-06-27,39.0,19.0,0,0,monetary_policy,monetary_policy
2022-06-28,38.0,20.0,0,0,monetary_policy,monetary_policy
2022-06-29,37.0,21.0,0,0,monetary_policy,monetary_policy
2022-06-30,36.0,22.0,0,0,monetary_policy,monetary_policy
2022-07-01,35.0,23.0,0,0,monetary_policy,monetary_policy
2022-07-02,34.0,24.0,0,0,monetary_policy,monetary_policy
2022-07-03,33.0,25.0,0,0,monetary_policy,monetary_policy
2022-07-04,32.0,26.0,0,0,monetary_policy,monetary_policy
2022-07-05,31.0,27.0,0,0,monetary_policy,monetary_policy
2022-07-06,30.0,28.0,0,0,monetary_policy,monetary_policy
2022-07-07,29.0,29.0,0,0,monetary_policy,monetary_policy
2022-07-08,28.0,30.0,0,0,monetary_policy,monetary_policy
2022-07-09,27.0,31.0,0,0,monetary_policy,monetary_policy
2022-07-10,26.0,32.0,0,0,monetary_policy,monetary_policy
2022-07-11,25.0,33.0,0,0,monetary_policy,monetary_policy
2022-07-12,24.0,34.0,0,0,monetary_policy,monetary_policy
2022-07-13,23.0,35.0,0,0,monetary_policy,monetary_policy
2022-07-14,22.0,36.0,0,0,monetary_policy,monetary_policy
2022-07-15,21.0,37.0,0,0,monetary_policy,monetary_policy
2022-07-16,20.0,38.0,0,0,monetary_policy,monetary_policy
2022-07-17,19.0,39.0,0,0,monetary_policy,monetary_policy
2022-07-18,18.0,40.0,0,0,monetary_policy,monetary_policy
2022-07-19,17.0,41.0,0,0,monetary_policy,monetary_policy
2022-07-20,16.0,42.0,0,0,monetary_policy,monetary_policy
2022-07-21,15.0,43.0,0,0,monetary_policy,monetary_policy
2022-07-22,14.0,44.0,0,0,monetary_policy,monetary_policy
2022-07-23,13.0,45.0,0,0,monetary_policy,monetary_policy
2022-07-24,12.0,46.0,0,0,monetary_policy,monetary_policy
2022-07-25,11.0,47.0,0,0,monetary_policy,monetary_policy
2022-07-26,10.0,48.0,0,0,monetary_policy,monetary_policy
2022-07-27,9.0,49.0,0,0,monetary_policy,monetary_policy
2022-07-28,8.0,50.0,0,0,monetary_policy,monetary_policy
2022-07-29,7.0,51.0,1,2,monetary_policy,monetary_policy
2022-07-30,6.0,52.0,1,2,monetary_policy,monetary_policy
2022-07-31,5.0,53.0,1,2,monetary_policy,monetary_policy
2022-08-01,4.0,54.0,1,2,monetary_policy,monetary_policy
2022-08-02,3.0,55.0,1,2,monetary_policy,monetary_policy
2022-08-03,2.0,56.0,1,2,monetary_policy,monetary_policy
2022-08-04,1.0,57.0,1,2,monetary_policy,monetary_policy
2022-08-05,56.0,0.0,1,2,monetary_policy,monetary_policy
2022-08-06,55.0,1.0,1,2,monetary_policy,monetary_policy
2022-08-07,54.0,2.0,1,2,monetary_policy,monetary_policy
2022-08-08,53.0,3.0,1,2,monetary_policy,monetary_policy
2022-08-09,52.0,4.0,1,2,monetary_policy,monetary_policy
2022-08-10,51.0,5.0,1,2,monetary_policy,monetary_policy
2022-08-11,50.0,6.0,1,2,monetary_policy,monetary_policy
2022-08-12,49.0,7.0,1,2,monetary_policy,monetary_policy
2022-08-13,48.0,8.0,0,0,monetary_policy,monetary_policy
2022-08-14,47.0,9.0,0,0,monetary_policy,monetary_policy
2022-08-15,46.0,10.0,0,0,monetary_policy,monetary_policy
2022-08-16,45.0,11.0,0,0,monetary_policy,monetary_policy
2022-08-17,44.0,12.0,0,0,monetary_policy,monetary_policy
2022-08-18,43.0,13.0,0,0,monetary_policy,monetary_policy
2022-08-19,42.0,14.0,0,0,monetary_policy,monetary_policy
2022-08-20,41.0,15.0,0,0,monetary_policy,monetary_policy
2022-08-21,40.0,16.0,0,0,monetary_policy,monetary_policy
2022-08-22,39.0,17.0,0,0,monetary_policy,monetary_policy
2022-08-23,38.0,18.0,0,0,monetary_policy,monetary_policy
2022-08-24,37.0,19.0,0,0,monetary_policy,monetary_policy
2022-08-25,36.0,20.0,0,0,monetary_policy,monetary_policy
2022-08-26,35.0,21.0,0,0,monetary_policy,monetary_policy
2022-08-27,34.0,22.0,0,0,monetary_policy,monetary_policy
2022-08-28,33.0,23.0,0,0,monetary_policy,monetary_policy
2022-08-29,32.0,24.0,0,0,monetary_policy,monetary_policy
2022-08-30,31.0,25.0,0,0,monetary_policy,monetary_policy
2022-08-31,30.0,26.0,0,0,monetary_policy,monetary_policy
2022-09-01,29.0,27.0,0,0,monetary_policy,monetary_policy
2022-09-02,28.0,28.0,0,0,monetary_policy,monetary_policy
2022-09-03,27.0,29.0,0,0,monetary_policy,monetary_policy
2022-09-04,26.0,30.0,0,0,monetary_policy,monetary_policy
2022-09-05,25.0,31.0,0,0,monetary_policy,monetary_policy
2022-09-06,24.0,32.0,0,0,monetary_policy,monetary_policy
2022-09-07,23.0,33.0,0,0,monetary_policy,monetary_policy
2022-09-08,22.0,34.0,0,0,monetary_policy,monetary_policy
2022-09-09,21.0,35.0,0,0,monetary_policy,monetary_policy
2022-09-10,20.0,36.0,0,0,monetary_policy,monetary_policy
2022-09-11,19.0,37.0,0,0,monetary_policy,monetary_policy
2022-09-12,18.0,38.0,0,0,monetary_policy,monetary_policy
2022-09-13,17.0,39.0,0,0,monetary_policy,monetary_policy
2022-09-14,16.0,40.0,0,0,monetary_policy,monetary_policy
2022-09-15,15.0,41.0,0,0,monetary_policy,monetary_policy
2022-09-16,14.0,42.0,0,0,monetary_policy,monetary_policy
2022-09-17,13.0,43.0,0,0,monetary_policy,monetary_policy
2022-09-18,12.0,44.0,0,0,monetary_policy,monetary_policy
2022-09-19,11.0,45.0,0,0,monetary_policy,monetary_policy
2022-09-20,10.0,46.0,0,0,monetary_policy,monetary_policy
2022-09-21,9.0,47.0,0,0,monetary_policy,monetary_policy
2022-09-22,8.0,48.0,0,0,monetary_policy,monetary_policy
2022-09-23,7.0,49.0,1,2,monetary_policy,monetary_policy
2022-09-24,6.0,50.0,1,2,monetary_policy,monetary_policy
2022-09-25,5.0,51.0,1,2,monetary_policy,monetary_policy
2022-09-26,4.0,52.0,1,2,monetary_policy,monetary_policy
2022-09-27,3.0,53.0,1,2,monetary_policy,monetary_policy
2022-09-28,2.0,54.0,1,2,monetary_policy,monetary_policy
2022-09-29,1.0,55.0,1,2,monetary_policy,monetary_policy
2022-09-30,68.0,0.0,1,2,monetary_policy,monetary_policy
2022-10-01,67.0,1.0,1,2,monetary_policy,monetary_policy
2022-10-02,66.0,2.0,1,2,monetary_policy,monetary_policy
2022-10-03,65.0,3.0,1,2,monetary_policy,monetary_policy
2022-10-04,64.0,4.0,1,2,monetary_policy,monetary_policy
2022-10-05,63.0,5.0,1,2,monetary_policy,monetary_policy
2022-10-06,62.0,6.0,1,2,monetary_policy,monetary_policy
2022-10-07,61.0,7.0,1,2,monetary_policy,monetary_policy
2022-10-08,60.0,8.0,0,0,monetary_policy,monetary_policy
2022-10-09,59.0,9.0,0,0,monetary_policy,monetary_policy
2022-10-10,58.0,10.0,0,0,monetary_policy,monetary_policy
2022-10-11,57.0,11.0,0,0,monetary_policy,monetary_policy
2022-10-12,56.0,12.0,0,0,monetary_policy,monetary_policy
2022-10-13,55.0,13.0,0,0,monetary_policy,monetary_policy
2022-10-14,54.0,14.0,0,0,monetary_policy,monetary_policy
2022-10-15,53.0,15.0,0,0,monetary_policy,monetary_policy
2022-10-16,52.0,16.0,0,0,monetary_policy,monetary_policy
2022-10-17,51.0,17.0,0,0,monetary_policy,monetary_policy
2022-10-18,50.0,18.0,0,0,monetary_policy,monetary_policy
2022-10-19,49.0,19.0,0,0,monetary_policy,monetary_policy
2022-10-20,48.0,20.0,0,0,monetary_policy,monetary_policy
2022-10-21,47.0,21.0,0,0,monetary_policy,monetary_policy
2022-10-22,46.0,22.0,0,0,monetary_policy,monetary_policy
2022-10-23,45.0,23.0,0,0,monetary_policy,monetary_policy
2022-10-24,44.0,24.0,0,0,monetary_policy,monetary_policy
2022-10-25,43.0,25.0,0,0,monetary_policy,monetary_policy
2022-10-26,42.0,26.0,0,0,monetary_policy,monetary_policy
2022-10-27,41.0,27.0,0,0,monetary_policy,monetary_policy
2022-10-28,40.0,28.0,0,0,monetary_policy,monetary_policy
2022-10-29,39.0,29.0,0,0,monetary_policy,monetary_policy
2022-10-30,38.0,30.0,0,0,monetary_policy,monetary_policy
2022-10-31,37.0,31.0,0,0,monetary_policy,monetary_policy
2022-11-01,36.0,32.0,0,0,monetary_policy,monetary_policy
2022-11-02,35.0,33.0,0,0,monetary_policy,monetary_policy
2022-11-03,34.0,34.0,0,0,monetary_policy,monetary_policy
2022-11-04,33.0,35.0,0,0,monetary_policy,monetary_policy
2022-11-05,32.0,36.0,0,0,monetary_policy,monetary_policy
2022-11-06,31.0,37.0,0,0,monetary_policy,monetary_policy
2022-11-07,30.0,38.0,0,0,monetary_policy,monetary_policy
2022-11-08,29.0,39.0,0,0,monetary_policy,monetary_policy
2022-11-09,28.0,40.0,0,0,monetary_policy,monetary_policy
2022-11-10,27.0,41.0,0,0,monetary_policy,monetary_policy
2022-11-11,26.0,42.0,0,0,monetary_policy,monetary_policy
2022-11-12,25.0,43.0,0,0,monetary_policy,monetary_policy
2022-11-13,24.0,44.0,0,0,monetary_policy,monetary_policy
2022-11-14,23.0,45.0,0,0,monetary_policy,monetary_policy
2022-11-15,22.0,46.0,0,0,monetary_policy,monetary_policy
2022-11-16,21.0,47.0,0,0,monetary_policy,monetary_policy
2022-11-17,20.0,48.0,0,0,monetary_policy,monetary_policy
2022-11-18,19.0,49.0,0,0,monetary_policy,monetary_policy
2022-11-19,18.0,50.0,0,0,monetary_policy,monetary_policy
2022-11-20,17.0,51.0,0,0,monetary_policy,monetary_policy
2022-11-21,16.0,52.0,0,0,monetary_policy,monetary_policy
2022-11-22,15.0,53.0,0,0,monetary_policy,monetary_policy
2022-11-23,14.0,54.0,0,0,monetary_policy,monetary_policy
2022-11-24,13.0,55.0,0,0,monetary_policy,monetary_policy
2022-11-25,12.0,56.0,0,0,monetary_policy,monetary_policy
2022-11-26,11.0,57.0,0,0,monetary_policy,monetary_policy
2022-11-27,10.0,58.0,0,0,monetary_policy,monetary_policy
2022-11-28,9.0,59.0,0,0,monetary_policy,monetary_policy
2022-11-29,8.0,60.0,0,0,monetary_policy,monetary_policy
2022-11-30,7.0,61.0,1,2,monetary_policy,monetary_policy
2022-12-01,6.0,62.0,1,2,monetary_policy,monetary_policy
2022-12-02,5.0,63.0,1,2,monetary_policy,monetary_policy
2022-12-03,4.0,64.0,1,2,monetary_policy,monetary_policy
2022-12-04,3.0,65.0,1,2,monetary_policy,monetary_policy
2022-12-05,2.0,66.0,1,2,monetary_policy,monetary_policy
2022-12-06,1.0,67.0,1,2,monetary_policy,monetary_policy
2022-12-07,56.0,0.0,1,2,budget,monetary_policy
2022-12-08,55.0,1.0,1,2,budget,monetary_policy
2022-12-09,54.0,2.0,1,2,budget,monetary_policy
2022-12-10,53.0,3.0,1,2,budget,monetary_policy
2022-12-11,52.0,4.0,1,2,budget,monetary_policy
2022-12-12,51.0,5.0,1,2,budget,monetary_policy
2022-12-13,50.0,6.0,1,2,budget,monetary_policy
2022-12-14,49.0,7.0,1,2,budget,monetary_policy
2022-12-15,48.0,8.0,0,0,budget,monetary_policy
2022-12-16,47.0,9.0,0,0,budget,monetary_policy
2022-12-17,46.0,10.0,0,0,budget,monetary_policy
2022-12-18,45.0,11.0,0,0,budget,monetary_policy
2022-12-19,44.0,12.0,0,0,budget,monetary_policy
2022-12-20,43.0,13.0,0,0,budget,monetary_policy
2022-12-21,42.0,14.0,0,0,budget,monetary_policy
2022-12-22,41.0,15.0,0,0,budget,monetary_policy
2022-12-23,40.0,16.0,0,0,budget,monetary_policy
2022-12-24,39.0,17.0,0,0,budget,monetary_policy
2022-12-25,38.0,18.0,0,0,budget,monetary_policy
2022-12-26,37.0,19.0,0,0,budget,monetary_policy
2022-12-27,36.0,20.0,0,0,budget,monetary_policy
2022-12-28,35.0,21.0,0,0,budget,monetary_policy
2022-12-29,34.0,22.0,0,0,budget,monetary_policy
2022-12-30,33.0,23.0,0,0,budget,monetary_policy
2022-12-31,32.0,24.0,0,0,budget,monetary_policy
2023-01-01,31.0,25.0,0,0,budget,monetary_policy
2023-01-02,30.0,26.0,0,0,budget,monetary_policy
2023-01-03,29.0,27.0,0,0,budget,monetary_policy
2023-01-04,28.0,28.0,0,0,budget,monetary_policy
2023-01-05,27.0,29.0,0,0,budget,monetary_policy
2023-01-06,26.0,30.0,0,0,budget,monetary_policy
2023-01-07,25.0,31.0,0,0,budget,monetary_policy
2023-01-08,24.0,32.0,0,0,budget,monetary_policy
2023-01-09,23.0,33.0,0,0,budget,monetary_policy
2023-01-10,22.0,34.0,0,0,budget,monetary_policy
2023-01-11,21.0,35.0,0,0,budget,monetary_policy
2023-01-12,20.0,36.0,0,0,budget,monetary_policy
2023-01-13,19.0,37.0,0,0,budget,monetary_policy
